full_name,pos,age,team,games,games_started,mpg,fg,fga,fgp,threeP,threePA,threePP,twoP,twoPA,twoPP,efg,ft,fta,ftp,orb,drb,rpg,apg,spg,bpg,tpg,fouls,ppg
Terry Taylor,SG,22,IND,1,0,1,0,0,,0,0,,0,0,,,0,0,,0,0,0,1,0,0,0,0,0
Trayvon Palmer,SG,27,DET,1,0,17,0,1,0,0,0,,0,1,0,0,0,0,,0,2,2,0,0,0,1,2,0
Jaysean Paige,PG,27,DET,1,0,7,0,3,0,0,2,0,0,1,0,0,0,0,,0,1,1,1,0,0,1,2,0
Malik Newman,PG,24,CLE,1,0,8,3,5,0.6,0,1,0,3,4,0.75,0.6,2,2,1,0,1,1,1,0,0,1,0,8
Ade Murkey,SG,24,SAC,1,0,1,0,0,,0,0,,0,0,,,0,0,,0,0,0,0,0,0,0,0,0
Juwan Morgan,PF,24,TOR,1,0,27,2,3,0.667,1,2,0.5,1,1,1,0.833,0,0,,2,2,4,1,0,0,0,3,5
Matt Mooney,SG,24,NYK,1,0,2,0,1,0,0,1,0,0,0,,0,0,0,,0,0,0,0,1,0,1,0,0
C.J. Miles,SG,34,BOS,1,0,2,0,0,,0,0,,0,0,,,0,0,,0,0,0,0,0,0,0,1,0
Mac McClung,PG,23,CHI,1,0,3,1,1,1,0,0,,1,1,1,1,0,0,,0,0,0,0,0,0,1,0,2
Brook Lopez,C,33,MIL,1,1,28,3,9,0.333,2,4,0.5,1,5,0.2,0.444,0,0,,2,3,5,0,1,3,0,3,8
Isaiah Livers,SF,23,DET,1,0,5,0,2,0,0,2,0,0,0,,0,0,0,,0,0,0,0,1,1,1,1,0
Arnoldas Kulboka,SF,24,CHO,1,0,3,0,0,,0,0,,0,0,,,0,0,,0,0,0,0,0,0,0,0,0
Joe Johnson,SG,40,BOS,1,0,2,1,1,1,0,0,,1,1,1,1,0,0,,0,0,0,0,0,0,0,0,2
DeJon Jarreau,SG,24,IND,1,0,1,0,0,,0,0,,0,0,,,0,0,,0,0,0,0,0,0,0,0,0
Scotty Hopson,SG,32,OKC,1,0,18,2,4,0.5,0,1,0,2,3,0.667,0.5,0,0,,0,1,1,1,0,0,2,1,4
Jaylen Hoard,SF,22,OKC,1,0,2,0,1,0,0,0,,0,1,0,0,0,0,,1,1,2,0,0,0,0,0,0
Tyler Hall,SG,24,NYK,1,0,2,0,0,,0,0,,0,0,,,0,0,,0,0,0,0,0,0,0,0,0
Jaime Echenique,C,24,WAS,1,0,3,0,0,,0,0,,0,0,,,0,0,,0,0,0,0,0,0,0,0,0
Javin DeLaurier,C,23,MIL,1,0,3,0,0,,0,0,,0,0,,,0,0,,0,1,1,0,1,0,0,1,0
Sam Dekker,PF,27,TOR,1,0,1,0,0,,0,0,,0,0,,,0,0,,0,0,0,0,0,0,0,0,0
Ahmad Caver,PG,25,IND,1,0,1,1,1,1,0,0,,1,1,1,1,0,0,,0,0,0,0,0,0,0,0,2
Jordan Bell,C,27,CHI,1,0,2,0,0,,0,0,,0,0,,,0,0,,1,0,1,0,1,0,0,2,0
M.J. Walker,SG,23,PHO,2,0,4,0,2,0,0,1,0,0,1,0,0,0,0,,0,0.5,0.5,0.5,1,0,0,0.5,0
Klay Thompson,SG,31,GSW,2,2,20,6,15.5,0.387,2.5,6.5,0.385,3.5,9,0.389,0.468,1,1,1,0.5,2.5,3,2,0.5,1,2.5,2,15.5
Tyrell Terry,PG,21,MEM,2,0,1.5,0.5,0.5,1,0,0,,0.5,0.5,1,1,0,0,,0,0,0,0,0,0,0,0.5,1
Nik Stauskas,SG,28,MIA,2,0,12,1.5,4,0.375,1,2,0.5,0.5,2,0.25,0.5,1.5,2,0.75,0.5,1,1.5,0.5,0,0,0,0.5,5.5
Jaden Springer,SG,19,PHI,2,0,3,0.5,0.5,1,0,0,,0.5,0.5,1,1,0,0,,0.5,0.5,1,0,0,1,0.5,0,1
Xavier Sneed,SF,24,MEM,2,0,4,0,1,0,0,1,0,0,0,,0,0,0,,0.5,0.5,1,0,0,0,0,1,0
Tre Scott,SF,25,CLE,2,0,5.5,1.5,3,0.5,0,0.5,0,1.5,2.5,0.6,0.5,0,0,,0.5,0.5,1,0,0.5,0.5,0,1,3
Jordan Schakel,SG,23,WAS,2,0,7,0,3,0,0,1.5,0,0,1.5,0,0,0,0,,1,0.5,1.5,0,0,0,0,0,0
Olivier Sarr,C,22,OKC,2,0,7,0.5,1.5,0.333,0,0.5,0,0.5,1,0.5,0.333,1,1,1,0,2.5,2.5,0,0,1,0,0.5,2
Reggie Perry,PF,21,POR,2,0,20.5,2,4.5,0.444,0.5,1,0.5,1.5,3.5,0.429,0.5,1,1,1,1,2.5,3.5,1,0.5,0,0.5,3,5.5
Cameron Oliver,SF,25,ATL,2,0,21.5,5,7.5,0.667,0.5,1.5,0.333,4.5,6,0.75,0.7,1,1.5,0.667,1,2,3,1.5,0.5,0.5,0,2.5,11.5
Emmanuel Mudiay,PG,25,SAC,2,0,5.5,0,1,0,0,0,,0,1,0,0,1.5,2,0.75,0,0,0,2,0.5,0,0.5,0.5,1.5
Didi Louzada,SF,22,NOP,2,0,3.5,0,1.5,0,0,1.5,0,0,0,,0,0,0,,1,0,1,0.5,0,0,0,0,0
Scottie Lewis,SG,21,CHO,2,0,3.5,0,0,,0,0,,0,0,,,0.5,1,0.5,0,0,0,0.5,0.5,0,0,0,0.5
Anthony Lamb,SF,24,SAS,2,0,4,0,1,0,0,1,0,0,0,,0,0,0,,0,0.5,0.5,1,0,0,0,0,0
Braxton Key,SF,24,PHI,2,0,3,0.5,1,0.5,0,0.5,0,0.5,0.5,1,0.5,0,0,,0.5,0.5,1,0.5,0.5,0,1,0.5,1
Mason Jones,SG,23,LAL,2,0,4.5,1,4,0.25,0,1,0,1,3,0.333,0.25,0.5,1,0.5,0.5,0.5,1,0,0.5,0,0.5,0.5,2.5
Jemerrio Jones,SF,26,LAL,2,0,7.5,1,1.5,0.667,0,0,,1,1.5,0.667,0.667,0,0,,1,0.5,1.5,0,0.5,0,0,1,2
David Johnson,SG,20,TOR,2,0,1,0,0.5,0,0,0.5,0,0,0,,0,0,0,,0,0,0,0,0,0,0,0,0
Kyrie Irving,PG,29,BRK,2,2,36,9,19,0.474,1.5,5,0.3,7.5,14,0.536,0.513,2.5,2.5,1,0.5,5,5.5,4,2,1,3,2.5,22
Nate Hinton,SG,22,IND,2,0,1,0,0.5,0,0,0,,0,0.5,0,0,0,0,,0,0,0,0,0,0,0.5,0,0
Shaquille Harrison,SG,28,BRK,2,0,11.5,1,3,0.333,0,1,0,1,2,0.5,0.333,0,0,,0.5,1.5,2,1.5,0.5,0.5,1,1.5,2
Jared Harper,PG,24,NOP,2,0,5,1.5,3.5,0.429,0.5,1,0.5,1,2.5,0.4,0.5,0,0,,0.5,0,0.5,1.5,0,0.5,0.5,1,3.5
Rui Hachimura,PF,23,WAS,2,0,14.5,2.5,6.5,0.385,0,1.5,0,2.5,5,0.5,0.385,1.5,3,0.5,0.5,2,2.5,1,0,0,0.5,1,6.5
Jordan Goodwin,SG,23,WAS,2,0,3,0,1.5,0,0,0.5,0,0,1,0,0,0,0,,0,0.5,0.5,0,0,0,0,0.5,0
Rob Edwards,SG,25,OKC,2,0,5.5,0.5,2,0.25,0.5,2,0.25,0,0,,0.375,0,0,,0,1.5,1.5,0,0,0,0.5,0,1.5
Sekou Doumbouya,PF,21,LAL,2,0,8,2.5,4,0.625,0.5,1,0.5,2,3,0.667,0.688,1.5,2,0.75,1,2,3,0,1.5,1,1,0.5,7
Damyean Dotson,SG,27,NYK,2,0,10.5,1,2,0.5,0,0.5,0,1,1.5,0.667,0.5,0,0,,0,1,1,0.5,0,0,0,0,2
Vernon Carey Jr.,C,20,CHO,2,1,6,1.5,3,0.5,0,0,,1.5,3,0.5,0.5,0.5,0.5,1,1,0.5,1.5,0,0.5,0,0.5,0.5,3.5
Shaq Buchanan,PG,25,MEM,2,0,5,0.5,2,0.25,0,1,0,0.5,1,0.5,0.25,0,0,,0.5,0.5,1,1,0.5,0,1,0.5,1
Paris Bass,SF,26,PHO,2,0,3.5,1,3,0.333,0,1,0,1,2,0.5,0.333,1,1,1,1,1,2,0,0.5,0,1,1,3
D.J. Wilson,PF,25,TOR,3,1,16,2.7,3.7,0.727,0,0.7,0,2.7,3,0.889,0.727,2.7,3.3,0.8,0.3,4.3,4.7,1.3,1.7,0.3,0.7,1.7,8
Quinndary Weatherspoon,SG,25,GSW,3,0,5.3,1.3,1.3,1,0,0,,1.3,1.3,1,1,0,0,,0,0.3,0.3,0,0.3,0.3,0.3,1.7,2.7
Tremont Waters,PG,24,TOT,3,0,16.7,1.3,4.7,0.286,0.7,3,0.222,0.7,1.7,0.4,0.357,0,0,,0,1.3,1.3,2.3,1.7,0,1.3,1.3,3.3
Derrick Walton,PG,26,DET,3,3,36,2,8.7,0.231,1,4.3,0.231,1,4.3,0.231,0.288,1.3,1.3,1,0.7,2.7,3.3,7,2.3,1.3,3.7,2.7,6.3
Rayjon Tucker,SG,24,DEN,3,0,9.7,0.3,0.7,0.5,0.3,0.7,0.5,0,0,,0.75,1,1.3,0.75,0.3,1,1.3,1.3,0.3,0,0,1,2
Jon Teske,C,24,MEM,3,0,2.7,0,0.3,0,0,0,,0,0.3,0,0,0,0.7,0,0,0.7,0.7,0.3,0.3,0,0,0.3,0
Emanuel Terry,PF,25,PHO,3,0,6,0,1.7,0,0,0,,0,1.7,0,0,0,0,,2.7,2.3,5,0.7,0.3,0,1.7,1.3,0
Craig Sword,SG,,WAS,3,0,6.3,1,1.3,0.75,0,0.3,0,1,1,1,0.75,0,0,,0,0,0,0.3,1.3,0,0.3,2.3,2
Deividas Sirvydis,SG,21,DET,3,0,9,0.3,3.3,0.1,0.3,2.3,0.143,0,1,0,0.15,0,0,,0,2,2,0.3,1,0.3,0,1.3,1
Wayne Selden,SG,27,NYK,3,0,6.3,0.3,1.3,0.25,0.3,0.7,0.5,0,0.7,0,0.375,0.7,1.3,0.5,0,0.3,0.3,0.3,0,0,0,0.3,1.7
Micah Potter,C,23,DET,3,0,10.3,1.7,3.7,0.455,0,0.7,0,1.7,3,0.556,0.455,0.7,0.7,1,1.3,1.7,3,0,0.3,0.3,0.3,1.3,4
Norvel Pelle,C,28,UTA,3,0,6.3,1,1.7,0.6,0,0,,1,1.7,0.6,0.6,0,0,,1,1,2,0,0,0.3,0.7,0.3,2
Daniel Oturu,C,22,TOR,3,0,9,1,2,0.5,0,0.3,0,1,1.7,0.6,0.5,1,1.7,0.6,0.3,1.3,1.7,0,0,0.7,0,0.3,3
Jaylen Morris,SG,26,SAS,3,0,5.3,0,2,0,0,0.7,0,0,1.3,0,0,0.7,1.3,0.5,0,0.7,0.7,0.7,0,0,0.3,0.7,0.7
Cameron McGriff,SF,24,POR,3,0,15.3,1.7,4.7,0.357,0.7,2,0.333,1,2.7,0.375,0.429,0.7,0.7,1,2,3,5,1,0,0.3,0,2.3,4.7
Vit Krejci,SG,21,OKC,3,0,3,0,0.7,0,0,0.7,0,0,0,,0,0.7,0.7,1,0,1,1,0,0,0,0.3,0,0.7
Luke Kornet,C,26,TOT,3,0,6,0.3,2,0.167,0,0.3,0,0.3,1.7,0.2,0.167,0.7,1,0.667,1,0.3,1.3,0.3,0,0.3,0,0.7,1.3
Brandon Knight,PG,30,DAL,3,0,18,3,6.7,0.45,1.3,4.3,0.308,1.7,2.3,0.714,0.55,2.7,2.7,1,0,2.3,2.3,2.7,0.3,0,1.3,1.7,10
DaQuan Jeffries,SG,24,MEM,3,0,3,0.3,0.7,0.5,0,0.3,0,0.3,0.3,1,0.5,0,0,,0,0.7,0.7,0.3,0,0,0,0.3,0.7
Wes Iwundu,SF,27,ATL,3,1,27.3,2.7,6,0.444,1,1.7,0.6,1.7,4.3,0.385,0.528,1,1.3,0.75,1,3.3,4.3,0,0.3,0,0.3,2.7,7.3
Malcolm Hill,SG,26,ATL,3,0,15.3,1.7,2.7,0.625,1,1.7,0.6,0.7,1,0.667,0.813,1.3,1.3,1,0.7,1.3,2,0.3,1.3,0.3,0,2.3,5.7
Brandon Goodwin,PG,26,CLE,3,0,22.7,3.3,8.7,0.385,0,2.3,0,3.3,6.3,0.526,0.385,0.7,2.7,0.25,0.7,3,3.7,4.7,0.7,0,1.7,2.3,7.3
Cheick Diallo,C,25,DET,3,0,10.3,1,2.7,0.375,0,0,,1,2.7,0.375,0.375,1.7,2,0.833,1.3,2.7,4,0,0.3,0,0.3,2,3.7
Jarron Cumberland,SG,24,POR,3,0,4,0.3,0.7,0.5,0,0.3,0,0.3,0.3,1,0.5,0,0,,0.3,0.7,1,0.3,0,0,0,0.7,0.7
Darren Collison,PG,34,LAL,3,0,12.3,0.7,2.3,0.286,0,1,0,0.7,1.3,0.5,0.286,0,0,,0,1.3,1.3,0.7,0.3,0,0.3,1.7,1.3
Keljin Blevins,SF,26,POR,3,0,4.7,0.7,1.3,0.5,0.7,1,0.667,0,0.3,0,0.75,0,0,,0,0.3,0.3,0.3,0,0,0.7,0,2
Cat Barber,PG,27,ATL,3,0,4.3,0,1.3,0,0,0,,0,1.3,0,0,0,1.3,0,0.3,0.7,1,1,0,0,0.3,0.3,0
Neemias Queta,C,22,SAC,4,0,8.5,1,2.8,0.364,0,0,,1,2.8,0.364,0.364,0.8,1,0.75,1,1.5,2.5,0.8,0.3,0.3,0.5,1.3,2.8
Eugene Omoruyi,SF,24,DAL,4,0,4.5,0.5,1.3,0.4,0.3,0.5,0.5,0.3,0.8,0.333,0.5,0.5,1,0.5,0.5,1.3,1.8,0.5,0,0,0,0.5,1.8
JaQuori McLaughlin,PG,24,DAL,4,0,2.8,0,0.5,0,0,0.3,0,0,0.3,0,0,0,0,,0,0,0,0.5,0,0,0,0.3,0
Dakota Mathias,SG,26,MEM,4,0,2,0.5,1,0.5,0.5,1,0.5,0,0,,0.75,0,0,,0,0.5,0.5,0,0,0,0,0.3,1.5
George King,SF,28,DAL,4,0,4.8,0,1.3,0,0,1,0,0,0.3,0,0,0.3,0.5,0.5,0,1.3,1.3,0,0,0,0.3,1,0.3
B.J. Johnson,SF,26,ORL,4,0,16.3,2.8,6.3,0.44,1,2.5,0.4,1.8,3.8,0.467,0.52,0,0,,1.5,2.3,3.8,0,0,0.3,0,1,6.5
Justin Jackson,SF,26,TOT,4,0,6.3,1.3,2,0.625,0.8,1.3,0.6,0.5,0.8,0.667,0.813,0.5,0.5,1,0.3,1.3,1.5,0,0,0,0.3,0.5,3.8
Jay Huff,C,23,LAL,4,0,5,0,0.8,0,0,0.5,0,0,0.3,0,0,0,0,,0.3,0.8,1,0.3,0.3,0.3,0.3,0.3,0
Haywood Highsmith,SF,25,MIA,4,0,10.5,1,2,0.5,1,1.8,0.571,0,0.3,0,0.75,0,0,,0.5,0.8,1.3,0,0,0.3,0,0.8,3
Donte DiVincenzo,SG,25,MIL,4,0,16.5,1,6.3,0.16,1,4.3,0.235,0,2,0,0.24,3,3.3,0.923,1.8,3.5,5.3,0.5,0.3,0,1.5,1.3,6
Bismack Biyombo,C,29,PHO,4,0,16.3,2.8,4,0.688,0,0,,2.8,4,0.688,0.688,1.3,2,0.625,2,3,5,1,0.8,1.8,0.5,1.8,6.8
Patrick Williams,PF,20,CHI,5,5,25,2.6,4.6,0.565,0.6,1.2,0.5,2,3.4,0.588,0.63,0.8,0.8,1,0.2,2,2.2,0.6,0.6,0.4,0.4,1.8,6.6
Isaiah Thomas,PG,32,TOT,5,1,22.8,3,9.4,0.319,1,5,0.2,2,4.4,0.455,0.372,1.6,2.2,0.727,0.2,1.4,1.6,2,0,0.4,1,2.4,8.6
Brodric Thomas,SG,25,BOS,5,0,4.4,0.2,1.2,0.167,0,0.8,0,0.2,0.4,0.5,0.167,0.4,0.4,1,0.2,0.6,0.8,0.6,0,0,0.4,0,0.8
Cassius Stanley,SG,22,DET,5,1,21.2,2.8,6.6,0.424,0.8,2.4,0.333,2,4.2,0.476,0.485,1.6,1.6,1,1,1.4,2.4,0.6,0.6,0.4,1,1.8,8
Myles Powell,PG,24,PHI,5,0,7.4,0.8,2.4,0.333,0.2,0.8,0.25,0.6,1.6,0.375,0.375,0.4,0.4,1,0.2,0.8,1,0.4,0.2,0,0.6,1.2,2.2
RJ Nembhard Jr.,SG,22,CLE,5,0,8,1,2.2,0.455,0,0.2,0,1,2,0.5,0.455,0.2,0.4,0.5,0,0.4,0.4,2,0,0,0.2,0.4,2.2
Xavier Moon,SG,27,LAC,5,0,13.8,2.2,6,0.367,0.2,1.6,0.125,2,4.4,0.455,0.383,0,0,,0.2,1.6,1.8,1.2,1,0.2,0.4,0.6,4.6
Greg Monroe,C,31,TOT,5,0,16.2,2.6,4.4,0.591,0,0,,2.6,4.4,0.591,0.591,0.4,1,0.4,2.4,3.8,6.2,2.4,0.6,1,1.2,1.8,5.6
Louis King,SF,22,SAC,5,0,11,1.8,5.2,0.346,1,3.2,0.313,0.8,2,0.4,0.442,1.2,1.4,0.857,0,1.6,1.6,0.2,0.4,0,0,1.6,5.8
Carlik Jones,PG,24,TOT,5,0,4.6,0.2,1.8,0.111,0,0.2,0,0.2,1.6,0.125,0.111,0.4,0.4,1,0.2,0.4,0.6,1,0.2,0,0.6,0,0.8
Kyle Guy,SG,24,MIA,5,0,20.2,3.6,7,0.514,1.8,4,0.45,1.8,3,0.6,0.643,0.8,1,0.8,0.2,1.4,1.6,2.6,0.8,0.2,1,1.8,9.8
Aleem Ford,SF,24,ORL,5,0,14.8,1.2,4,0.3,0.4,3,0.133,0.8,1,0.8,0.35,0,0,,0.4,2.6,3,0.4,0.2,0,0.8,1.4,2.8
James Ennis III,SF,31,TOT,5,0,9.2,1.8,3.6,0.5,0.6,1.2,0.5,1.2,2.4,0.5,0.583,0.8,0.8,1,0.8,1.2,2,0,0.4,0.4,0.4,1,5
Goran Dragić,PG,35,TOR,5,2,18,2.6,6.8,0.382,0.8,2.8,0.286,1.8,4,0.45,0.441,2,2,1,0.4,2.4,2.8,1.8,1,0.2,0.2,1.6,8
Jeff Dowtin,PG,24,TOT,5,0,6.2,0.6,1.4,0.429,0,0.4,0,0.6,1,0.6,0.429,0,0,,0.2,1.2,1.4,0.6,0,0.2,0.2,0.4,1.2
Chaundee Brown Jr.,SG-SF,23,TOT,5,2,20.8,2,6.4,0.313,1.2,3.6,0.333,0.8,2.8,0.286,0.406,1,1.2,0.833,0.2,3,3.2,0.8,0.4,0,0.2,1.4,6.2
Charlie Brown Jr.,SG,24,TOT,5,0,10,0.4,2,0.2,0,1.2,0,0.4,0.8,0.5,0.2,0.4,0.6,0.667,0.2,1.4,1.6,0.4,1.2,0.4,0.4,0.8,1.2
Marko Simonovic,C,22,CHI,6,0,3.7,0,1.2,0,0,0.5,0,0,0.7,0,0,0.8,1,0.833,0.5,0.5,1,0,0,0.2,0.3,0.8,0.8
Chris Silva,PF,25,TOT,6,0,10.7,1.3,2.2,0.615,0,0,,1.3,2.2,0.615,0.615,1.3,1.5,0.889,1.7,2.8,4.5,0.5,0,0,0.7,2,4
Yves Pons,SF,22,MEM,6,0,3.5,0.2,0.5,0.333,0.2,0.2,1,0,0.3,0,0.5,0,0.3,0,0.3,0.5,0.8,0,0,0,0,0.3,0.5
Jamorko Pickett,PF,24,DET,6,0,7.8,0.2,1.7,0.1,0.2,1.2,0.143,0,0.5,0,0.15,0,0,,0.3,1.2,1.5,0.2,0,0.2,0.5,0.5,0.5
Sam Merrill,SG,25,MEM,6,0,9.7,1.3,4,0.333,1.2,3.8,0.304,0.2,0.2,1,0.479,0.3,0.7,0.5,0.2,1,1.2,0.7,0,0,0.3,0.5,4.2
Tyler Johnson,PG,29,TOT,6,0,15.2,1,3.3,0.3,0.8,2.2,0.385,0.2,1.2,0.143,0.425,0,0,,0.5,1.5,2,1.2,0.5,0.5,0.3,1.2,2.8
Chandler Hutchison,SF,25,PHO,6,0,3.7,0.2,0.3,0.5,0,0,,0.2,0.3,0.5,0.5,0.3,0.3,1,0,0.8,0.8,0.3,0,0,0.7,0.2,0.7
Aaron Henry,SF,22,PHI,6,0,2.8,0.2,0.8,0.2,0,0.2,0,0.2,0.7,0.25,0.2,0,0,,0,0.2,0.2,0,0,0.3,0.3,0.3,0.3
Wenyen Gabriel,PF,24,TOT,6,0,7.2,0.7,2,0.333,0.2,0.7,0.25,0.5,1.3,0.375,0.375,0.3,0.7,0.5,0.7,1.3,2,0.3,0.2,0.3,0.2,1.5,1.8
Devontae Cacok,PF,25,SAS,6,0,9,2.2,3.2,0.684,0,0,,2.2,3.2,0.684,0.684,0,0,,0.8,2.5,3.3,0.3,0.7,0.8,0.2,1.3,4.3
Udoka Azubuike,C,22,UTA,6,1,6.7,0.7,0.8,0.8,0,0,,0.7,0.8,0.8,0.8,0.2,0.3,0.5,0.3,1,1.3,0,0.2,0.3,0.3,0.5,1.5
Justin Anderson,SF,28,TOT,6,0,12.8,1,3.2,0.316,0.5,2.5,0.2,0.5,0.7,0.75,0.395,1,1.2,0.857,0.3,1.3,1.7,1.5,0.3,0.2,0.5,1.5,3.5
Keifer Sykes,PG,28,IND,7,5,26.9,3.7,8.7,0.426,1.4,4.7,0.303,2.3,4,0.571,0.508,1.1,1.3,0.889,0.3,2.4,2.7,3.6,0.6,0.1,1.4,2.6,10
Onyeka Okongwu,C,21,ATL,7,2,23,3.7,5,0.743,0,0,,3.7,5,0.743,0.743,2,2.3,0.875,2,4.1,6.1,1.1,0.6,1.3,1.4,3.7,9.4
Alfonzo McKinnie,SF,29,CHI,7,0,14,2,4,0.5,1.1,2.3,0.5,0.9,1.7,0.5,0.643,0,0.3,0,0.7,0.9,1.6,0.4,0.3,0.3,0.4,1.3,5.1
Stanley Johnson,PF,25,LAL,7,5,22.6,1.9,4.3,0.433,0.6,2.6,0.222,1.3,1.7,0.75,0.5,1.3,1.4,0.9,0.4,2.3,2.7,1.3,1.1,0.4,0.4,4,5.6
Sam Hauser,SF,24,BOS,7,0,4.4,0.4,1.6,0.273,0.4,1.6,0.273,0,0,,0.409,0,0,,0.1,0.4,0.6,0.1,0.1,0.1,0,0.1,1.3
Langston Galloway,SG,30,TOT,7,0,15.3,0.9,3.7,0.231,0.3,2.3,0.125,0.6,1.4,0.4,0.269,0,0,,0.4,2.1,2.6,1.7,0.1,0,0.9,1,2
Malik Fitts,PF,24,UTA,7,0,5,0.3,1.3,0.222,0.3,0.6,0.5,0,0.7,0,0.333,0,0,,0,1.4,1.4,0,0,0,0.3,0.4,0.9
Gabriel Deck,PF,26,OKC,7,0,8,1.1,2,0.571,0.3,0.6,0.5,0.9,1.4,0.6,0.643,0,0,,0.1,0.7,0.9,0.7,0.1,0,0.3,0.3,2.6
Joel Ayayi,SG,21,WAS,7,0,2.9,0.1,0.9,0.167,0,0.1,0,0.1,0.7,0.2,0.167,0,0,,0.1,0.3,0.4,0.6,0,0,0,0,0.3
Trevor Ariza,SF,36,LAL,7,1,16.6,1.1,2,0.571,1,1.9,0.538,0.1,0.1,1,0.821,0.1,0.3,0.5,0.1,3,3.1,1,0.1,0.1,0.1,0.4,3.4
Robert Woodard II,SF,22,SAC,8,0,1.9,0.1,0.5,0.25,0.1,0.1,1,0,0.4,0,0.375,0.3,0.3,1,0,0.3,0.3,0,0,0,0.1,0.3,0.6
Trevelin Queen,SG,24,HOU,8,0,8.6,1.6,3.6,0.448,1,2.8,0.364,0.6,0.9,0.714,0.586,0.4,0.4,1,0.6,1.1,1.8,0.4,0.6,0,0.9,0.8,4.6
Daishen Nix,SG,19,HOU,8,0,8.4,1.6,2.5,0.65,0.4,0.9,0.429,1.3,1.6,0.769,0.725,0.1,0.4,0.333,0.1,1.1,1.3,1.3,0.9,0,1.1,0.4,3.8
Udonis Haslem,C,41,MIA,8,0,6.5,1.3,2.5,0.5,0.1,0.3,0.5,1.1,2.3,0.5,0.525,0.4,0.4,1,0.5,1.6,2.1,0.3,0.1,0.1,0.3,1.4,3
Hassani Gravett,PG,25,ORL,8,3,21.4,2.3,4.8,0.474,1.4,3.3,0.423,0.9,1.5,0.583,0.618,0.4,0.5,0.75,0.1,2.5,2.6,2.5,0.6,0.1,1.1,1.6,6.3
Kessler Edwards,SF,21,BRK,8,1,20.3,2.8,6.5,0.423,1.3,3,0.417,1.5,3.5,0.429,0.519,0,0,,1.4,3.3,4.6,1.1,0.6,0.6,1.1,1.1,6.8
Paul Watson,SF,27,OKC,9,3,17.3,1.3,3.9,0.343,0.7,2.9,0.231,0.7,1,0.667,0.429,0.1,0.2,0.5,0.3,2.7,3,0.9,0.3,0.3,0.4,1.1,3.4
Isaiah Todd,PF,20,WAS,9,0,3.9,0.6,1.7,0.333,0.4,1.1,0.4,0.1,0.6,0.2,0.467,0.2,0.4,0.5,0.2,0.8,1,0.1,0.2,0.2,0.1,0.1,1.8
Michael Porter Jr.,SF,23,DEN,9,9,29.4,4.1,11.4,0.359,1.1,5.3,0.208,3,6.1,0.491,0.408,0.6,1,0.556,1,5.6,6.6,1.9,1.1,0.2,1.3,1.8,9.9
Frank Kaminsky,C,28,PHO,9,0,20.1,4,7.3,0.545,0.6,1.7,0.333,3.4,5.7,0.608,0.583,2,2.2,0.9,1.2,3.3,4.6,1.4,0.9,0.8,0.6,1.6,10.6
Georgios Kalaitzakis,SF,23,MIL,9,0,5.3,0.6,1.2,0.455,0.2,0.4,0.5,0.3,0.8,0.429,0.545,0.4,1,0.444,0.4,0.4,0.9,0,0.1,0.1,0.4,0.9,1.8
Isaiah Jackson,PF,20,IND,9,0,5.4,0.8,1.9,0.412,0,0,,0.8,1.9,0.412,0.412,0.3,0.7,0.5,0.7,1,1.7,0,0.2,0.2,0.1,1,1.9
Freddie Gillespie,PF,24,ORL,9,2,13.2,1,2.4,0.409,0,0.1,0,1,2.3,0.429,0.409,0.3,0.8,0.429,1.4,2.6,4,0.6,0.3,1,0.6,2,2.3
Devon Dotson,PG,22,CHI,9,0,8.2,1.1,2.1,0.526,0.2,0.8,0.286,0.9,1.3,0.667,0.579,0.6,0.9,0.625,0.1,0.8,0.9,1.1,0.1,0,0.6,1,3
Sharife Cooper,PG,20,ATL,9,0,3.7,0.3,1.4,0.231,0.1,0.6,0.2,0.2,0.9,0.25,0.269,0,0,,0,0.6,0.6,0.6,0,0,0.6,0.1,0.8
Tyler Cook,PF,24,CHI,9,0,10.4,1.4,2.2,0.65,0,0,,1.4,2.2,0.65,0.65,1.6,1.8,0.875,0.7,1.7,2.3,0.3,0.3,0.1,0.4,1.6,4.4
Duane Washington Jr.,PG,21,IND,10,6,21.1,3.1,8.8,0.352,1.2,4.3,0.279,1.9,4.5,0.422,0.42,1.3,1.7,0.765,0.1,1.7,1.8,1.9,0.7,0.1,1.1,0.9,8.7
JT Thor,PF,19,CHO,10,0,10.9,0.9,2.5,0.36,0.3,1.6,0.188,0.6,0.9,0.667,0.42,0.5,0.8,0.625,0.5,0.9,1.4,0.6,0.4,0.6,0.4,1.4,2.6
Admiral Schofield,SF,24,ORL,10,1,15.6,1.9,3.6,0.528,0.5,1.7,0.294,1.4,1.9,0.737,0.597,0,0.1,0,0.2,2.7,2.9,0.9,0.1,0.3,0.8,2.1,4.3
Theo Pinson,SF,26,DAL,10,0,9.3,0.8,2.7,0.296,0.5,2,0.25,0.3,0.7,0.429,0.389,0.4,0.4,1,0,1.6,1.6,1.2,0.4,0.2,0.2,0.9,2.5
Kelly Olynyk,C,30,DET,10,1,23,4.5,9.8,0.459,1.4,4.1,0.341,3.1,5.7,0.544,0.531,2.1,3.5,0.6,1.3,4,5.3,2.3,1.4,0.7,1.5,2.7,12.5
Markieff Morris,PF,32,MIA,10,0,18.7,3.2,7,0.457,0.8,2.2,0.364,2.4,4.8,0.5,0.514,0.5,0.5,1,1.3,1.5,2.8,1.4,0.3,0.1,1.2,2.2,7.7
Elijah Hughes,SF,23,UTA,10,1,6.2,1,1.9,0.526,0.7,1.4,0.5,0.3,0.5,0.6,0.711,0.3,0.3,1,0,0.9,0.9,0.4,0.2,0,0.4,0.4,3
Tim Frazier,PG,31,ORL,10,3,20,1.3,4.3,0.302,0.6,1.7,0.353,0.7,2.6,0.269,0.372,0.5,0.9,0.556,0.5,1.4,1.9,3.3,0.3,0.1,1.3,2.4,3.7
David Duke Jr.,PG,22,BRK,10,7,21.4,2.4,6.7,0.358,0.3,2,0.15,2.1,4.7,0.447,0.381,1.2,1.5,0.8,2.3,2.6,4.9,1.1,0.7,0.5,0.6,2.5,6.3
Gary Clark,PF,27,NOP,10,1,11.7,1.3,2.6,0.5,1.2,2.3,0.522,0.1,0.3,0.333,0.731,0.2,0.4,0.5,0.6,2,2.6,0.4,0.3,0.2,0.3,0.2,4
Marquese Chriss,PF,24,DAL,10,0,11.9,2.6,4.5,0.578,0.4,1,0.4,2.2,3.5,0.629,0.622,0.5,0.8,0.625,0.9,3.2,4.1,0.2,0.2,0.4,0.9,3,6.1
Joe Wieskamp,SG,22,SAS,11,0,5.9,1,1.9,0.524,0.6,1.4,0.467,0.4,0.5,0.667,0.69,0.3,0.6,0.429,0.2,0.3,0.5,0.3,0.2,0.2,0,0.5,2.9
Lance Stephenson,SF-SG,31,TOT,11,0,17.5,3.1,6.3,0.493,0.7,2.3,0.32,2.4,4,0.591,0.551,0.5,0.8,0.667,0.3,2.5,2.8,3.3,0.5,0,1.1,1.7,7.5
Collin Sexton,SG,23,CLE,11,11,28.7,6.2,13.7,0.45,1,4.1,0.244,5.2,9.6,0.538,0.487,2.6,3.5,0.744,1.2,2.1,3.3,2.1,0.9,0,2.8,2.3,16
Jalen Johnson,PF,20,ATL,11,0,4.7,0.7,1.5,0.471,0.2,0.5,0.333,0.5,1,0.545,0.529,0.4,0.5,0.667,0,1.2,1.2,0.1,0,0,0.2,0.3,2
De'Andre Hunter,SF,24,ATL,11,11,27.8,4.5,10.1,0.45,1.4,3.5,0.395,3.2,6.6,0.479,0.518,0.4,0.9,0.4,0.4,2.4,2.7,0.6,0.6,0.3,1.3,2.9,10.8
Tacko Fall,C,26,CLE,11,1,5.4,0.5,1.1,0.417,0,0,,0.5,1.1,0.417,0.417,0.2,0.6,0.286,0.6,1.5,2.1,0.2,0,0.5,0.3,0.3,1.1
Jericho Sims,PF,23,NYK,12,0,7,0.5,0.5,1,0,0,,0.5,0.5,1,1,0.3,0.3,0.75,0.6,1.2,1.8,0.1,0.2,0.4,0.2,0.4,1.3
Jabari Parker,PF,26,BOS,12,0,9.3,1.5,3.2,0.474,0.7,1.3,0.5,0.8,1.8,0.455,0.579,0.8,0.8,1,0.4,1.9,2.3,0.5,0.3,0.1,0.7,1.1,4.4
Kevin Knox,SF,22,NYK,12,0,9.2,1.3,3.3,0.385,0.8,2.3,0.37,0.4,1,0.417,0.513,0.6,0.8,0.7,0.6,1.2,1.8,0.3,0.2,0.1,0.4,0.4,3.9
Kai Jones,C,21,CHO,12,0,2.8,0.3,0.5,0.667,0,0.1,0,0.3,0.4,0.8,0.667,0.1,0.3,0.25,0.1,0.4,0.5,0.2,0,0,0.4,0.2,0.8
Marcus Garrett,SG,23,MIA,12,0,10.7,0.4,1.8,0.238,0.1,0.3,0.25,0.3,1.4,0.235,0.262,0.2,0.4,0.4,0.8,1.2,1.9,0.6,0.4,0.3,0.2,1.3,1.1
Bruno Fernando,C,23,BOS,12,0,2.7,0.3,0.4,0.6,0,0,,0.3,0.4,0.6,0.6,0,0,,0.3,0.3,0.5,0.1,0,0.2,0.3,0.3,0.5
Ed Davis,C,32,CLE,12,2,9.3,0.8,1,0.75,0,0,,0.8,1,0.75,0.75,0.1,0.5,0.167,0.4,2.7,3.1,0.1,0.3,0.6,0.3,1.4,1.6
Isaac Bonga,SF,22,TOR,12,0,5.3,0.3,1.1,0.231,0.1,0.3,0.25,0.2,0.8,0.222,0.269,0.3,0.5,0.667,0.3,0.3,0.6,0.3,0.6,0.2,0.2,0.8,0.9
Javonte Smart,PG,22,MIL,13,1,12.3,0.8,3.3,0.256,0.3,1.4,0.222,0.5,1.9,0.28,0.302,0.4,0.5,0.833,0.3,1.2,1.5,1.1,0.3,0.2,0.7,0.8,2.4
Jay Scrubb,SG,21,LAC,13,0,5.7,1,2.6,0.382,0.4,1.3,0.294,0.6,1.3,0.471,0.456,0.3,0.5,0.667,0.1,0.5,0.6,0.5,0.2,0.2,0.2,0.3,2.7
Solomon Hill,PF,30,ATL,13,1,10.7,0.2,1.5,0.15,0.2,1,0.154,0.1,0.5,0.143,0.2,0,0,,0.5,1.3,1.8,0.9,0.3,0.2,0.1,1.2,0.6
Petr Cornelie,PF,26,DEN,13,0,2.9,0.4,1.2,0.333,0.1,0.6,0.125,0.3,0.5,0.571,0.367,0.2,0.3,0.75,0.5,0.5,1.1,0.2,0.1,0.1,0.3,0.5,1.1
Trendon Watford,SF,21,POR,14,0,7.3,1,2.1,0.467,0,0,,1,2.1,0.467,0.467,0.4,0.9,0.5,0.6,1.6,2.2,0.6,0.1,0.4,0.4,0.6,2.4
Day'Ron Sharpe,PF,20,BRK,14,0,8.1,1.9,3.1,0.628,0.1,0.2,0.333,1.9,2.9,0.65,0.64,0.6,1.2,0.529,1.9,1.6,3.5,0.1,0.2,0.4,0.9,1.4,4.6
Davon Reed,SG,26,DEN,14,2,16.6,1.6,3.6,0.431,0.6,1.6,0.348,1,2,0.5,0.51,0.3,0.4,0.8,0.5,2.7,3.2,1.3,1.1,0.1,0.3,1.7,4
Abdel Nader,SF,28,PHO,14,0,10.4,0.9,2.5,0.343,0.3,1,0.286,0.6,1.5,0.381,0.4,0.4,0.7,0.6,0.3,1.6,1.9,0.5,0.6,0.3,0.8,1.4,2.4
Joe Harris,SF,30,BRK,14,14,30.2,4,8.9,0.452,2.9,6.3,0.466,1.1,2.6,0.417,0.617,0.4,0.4,0.833,0.4,3.6,4,1,0.5,0.1,1.1,2.2,11.3
Vlatko Čančar,PF,24,DEN,14,1,10.9,1.6,2.8,0.564,0.5,0.9,0.583,1.1,1.9,0.556,0.654,0.6,0.9,0.75,0.4,1.2,1.6,0.9,0.1,0.2,0.6,0.9,4.3
Bol Bol,PF,22,DEN,14,0,5.8,1.1,1.9,0.556,0.1,0.3,0.25,1,1.6,0.609,0.574,0.1,0.4,0.4,0.3,1.1,1.4,0.4,0.1,0.1,0.3,0.3,2.4
Jose Alvarado,PG,23,NOP,14,0,7.2,0.6,2.1,0.276,0.4,1.1,0.313,0.2,0.9,0.231,0.362,0.5,0.8,0.636,0.3,0.4,0.6,1.1,0.6,0.1,0.1,0.9,2
Yuta Watanabe,SF,27,TOR,15,3,20.1,2.5,6.4,0.396,1.3,3.5,0.365,1.3,2.9,0.432,0.495,0.8,1.5,0.545,0.9,3.2,4.1,1,0.5,0.5,0.8,1.6,7.1
Matt Thomas,SG,27,CHI,15,0,9.7,1.1,3.1,0.362,0.8,2,0.4,0.3,1.1,0.294,0.489,0.2,0.3,0.75,0.1,0.9,0.9,0.4,0.2,0.1,0.1,0.3,3.3
Jahmi'us Ramsey,SG,20,SAC,15,0,5.5,0.9,2.3,0.412,0.1,0.7,0.182,0.8,1.5,0.522,0.441,0.3,0.7,0.5,0.1,0.3,0.3,0.2,0.1,0.1,0.1,0.3,2.3
Mychal Mulder,PG,27,ORL,15,2,13,1.3,4.5,0.299,0.9,3.1,0.283,0.5,1.4,0.333,0.396,0.1,0.1,1,0.1,1.3,1.4,0.2,0.3,0.1,0.5,0.8,3.7
Wesley Matthews,SG,35,MIL,15,4,20.3,2.6,5.2,0.5,1.6,3.7,0.429,1,1.5,0.682,0.654,0.2,0.4,0.5,0.5,1.5,2.1,0.8,0.4,0.3,0.5,1.5,7
Keon Johnson,SG,19,LAC,15,0,9,1.1,3.4,0.333,0.2,0.7,0.273,0.9,2.7,0.35,0.363,1.1,1.4,0.762,0.4,1,1.4,0.9,0.5,0.1,0.5,1.4,3.5
Usman Garuba,PF,19,HOU,15,0,7,0.5,1.6,0.333,0.1,0.9,0.154,0.4,0.7,0.545,0.375,0.1,0.1,0.5,0.6,1.7,2.3,0.5,0.5,0.4,0.2,0.6,1.3
Greg Brown III,SF,20,POR,15,0,4.9,0.7,1.8,0.37,0,0.3,0,0.7,1.5,0.455,0.37,0.3,0.7,0.364,0.5,0.9,1.3,0.3,0.1,0.3,0.3,0.7,1.6
Ish Wainright,PF,27,PHO,16,0,6.6,0.6,2.1,0.294,0.3,1.3,0.2,0.4,0.9,0.429,0.353,0.1,0.3,0.5,0.7,0.6,1.3,0.5,0.4,0.1,0.4,1.3,1.6
Miye Oni,SG,24,UTA,16,0,2.8,0.1,0.6,0.222,0.1,0.5,0.125,0.1,0.1,1,0.278,0,0.1,0,0.1,0.4,0.4,0.3,0,0,0.1,0.4,0.3
Semi Ojeleye,PF,27,MIL,16,0,17.9,0.9,4.1,0.212,0.5,2.4,0.211,0.4,1.8,0.214,0.273,0.6,0.7,0.818,1.6,2,3.6,0.3,0.3,0.3,0.3,1.6,2.8
Miles McBride,PG,21,NYK,16,2,8.9,0.9,3.3,0.288,0.3,1.7,0.185,0.6,1.6,0.4,0.337,0.2,0.3,0.75,0.1,0.8,0.9,1.2,0.5,0.1,0.2,0.9,2.4
Skylar Mays,SG,24,ATL,16,5,11.4,1.9,3.6,0.544,0.5,1.4,0.348,1.4,2.1,0.676,0.614,0.4,0.4,1,0.3,1.1,1.4,0.8,0.4,0,0.4,0.4,4.8
Boban Marjanović,C,33,DAL,16,0,5.9,2.2,3.5,0.625,0.1,0.2,0.333,2.1,3.3,0.642,0.634,0.5,1,0.5,0.4,1.4,1.9,0.1,0,0.1,0.7,1.2,4.9
Markus Howard,SG,22,DEN,16,0,7.3,1.4,3.9,0.355,1.1,2.9,0.391,0.3,1,0.25,0.5,0.4,0.5,0.875,0,0.3,0.3,0.3,0.4,0,0.4,0.7,4.3
Anthony Gill,PF,29,WAS,16,0,6.8,1.1,1.7,0.667,0.3,0.4,0.714,0.8,1.3,0.65,0.759,0.6,0.8,0.833,0.5,1.1,1.6,0.5,0.1,0.1,0.3,1.1,3.2
Ignas Brazdeikis,SF,23,ORL,16,0,9,0.8,2.6,0.286,0.3,1.4,0.182,0.5,1.3,0.4,0.333,0.3,0.4,0.833,0.4,0.9,1.4,0.5,0.3,0.1,0.3,1,2.1
Joshua Primo,SG,19,SAS,17,3,13.5,1.6,4.1,0.391,0.8,2.2,0.378,0.8,1.9,0.406,0.493,0.5,0.6,0.8,0.4,1.2,1.6,1.2,0.4,0.5,0.7,0.9,4.5
Nerlens Noel,C,27,NYK,17,10,23.1,1.3,2.5,0.512,0,0.1,0,1.3,2.4,0.537,0.512,0.9,1.1,0.833,2.2,3.6,5.8,0.8,1.1,1.5,0.9,2.6,3.5
Rodney McGruder,SG,30,DET,17,0,9.5,1,2.6,0.386,0.3,1.2,0.238,0.7,1.4,0.522,0.443,0.2,0.2,0.75,0.5,1.1,1.6,0.6,0.2,0.1,0.5,0.7,2.5
Robin Lopez,C,33,ORL,17,5,17.8,3.6,6.2,0.575,0,0.2,0,3.6,6.1,0.592,0.575,0.8,1.3,0.591,2.2,1.5,3.7,2,0.1,0.6,1.4,1.9,7.9
Jarrett Culver,SG,22,MEM,17,0,10.6,1.8,4.1,0.435,0.3,1.3,0.227,1.5,2.8,0.532,0.471,0.4,0.8,0.5,0.3,1.4,1.7,1.1,0.5,0.1,0.2,0.9,4.2
DeMarcus Cousins,C,31,MIL,17,5,16.9,3.2,6.9,0.466,0.8,2.8,0.271,2.5,4.1,0.6,0.521,1.8,2.2,0.816,1.4,4.4,5.8,1.1,0.9,0.5,0.9,2.7,9.1
Isaiah Roby,PF,23,OKC,18,5,13.7,2.6,4.7,0.56,0.6,1.2,0.5,2,3.4,0.581,0.625,0.9,1.2,0.762,1.1,2.2,3.3,0.7,0.2,0.3,0.8,1.4,6.7
Kevin Pangos,PG,29,CLE,18,3,8.7,0.8,2.5,0.333,0.3,1.4,0.231,0.5,1.1,0.474,0.4,0.2,0.2,0.75,0.1,0.4,0.6,1.7,0.1,0,0.4,0.6,2.2
Jake Layman,SF,27,MIN,18,1,8.6,0.9,2.6,0.37,0.2,1.3,0.167,0.7,1.2,0.591,0.413,0.3,0.4,0.75,0.2,1.1,1.3,0.3,0.3,0.2,0.4,0.4,2.4
Juancho Hernangómez,PF,26,BOS,18,0,5.3,0.3,1.5,0.185,0.2,1,0.167,0.1,0.5,0.222,0.241,0.3,0.5,0.667,0.5,0.9,1.4,0.2,0.2,0.1,0.3,0.4,1.1
PJ Dozier,SG,25,DEN,18,0,18.9,2,5.5,0.364,0.8,2.7,0.313,1.2,2.8,0.412,0.439,0.6,0.7,0.769,0.8,2.7,3.5,1.6,0.6,0.3,0.7,1.8,5.4
Willie Cauley-Stein,C,28,DAL,18,2,9.8,0.9,1.9,0.457,0.1,0.1,0.5,0.8,1.8,0.455,0.471,0.1,0.1,0.5,0.7,1.4,2.1,0.5,0.3,0.2,0.4,0.9,1.9
James Bouknight,SG,21,CHO,18,0,8.2,1.3,3.7,0.343,0.6,1.6,0.393,0.7,2.2,0.308,0.425,0.4,0.6,0.8,0.8,0.7,1.5,0.8,0.1,0,0.3,0.7,3.6
Charles Bassey,PF,21,PHI,18,0,7.9,1.3,2,0.667,0,0.2,0,1.3,1.8,0.727,0.667,0.4,0.6,0.727,1,2,3,0.3,0.2,0.8,0.4,1.5,3.1
Bam Adebayo,C,24,MIA,18,18,32.9,7,13.5,0.519,0,0.1,0,7,13.4,0.521,0.519,4.7,6.2,0.759,2.7,7.4,10.2,3.2,1.1,0.3,2.9,3.3,18.7
Jalen Smith,PF,21,PHO,19,4,14.3,2.7,5.6,0.491,0.4,1.4,0.259,2.4,4.2,0.57,0.524,1.6,1.9,0.838,2.3,3.1,5.3,0.3,0.2,0.6,0.7,1.7,7.5
Paul Reed,C,22,PHI,19,2,9.4,1.1,2.2,0.476,0,0.2,0,1.1,2,0.526,0.476,0.2,0.3,0.5,1.1,1.4,2.4,0.5,0.6,0.5,0.4,1.5,2.3
Alize Johnson,PF,25,TOT,19,0,7.3,0.7,1.5,0.483,0,0.2,0,0.7,1.3,0.56,0.483,0.2,0.4,0.5,1.1,1.4,2.5,0.4,0.2,0,0.6,0.8,1.7
Chris Chiozza,PG,26,GSW,19,1,11.1,0.7,2.7,0.275,0.6,1.7,0.344,0.2,1,0.158,0.382,0.1,0.1,1,0.4,0.8,1.3,1.7,0.4,0,0.9,1.1,2.1
Trey Burke,PG,29,DAL,19,0,13.6,2.9,6.7,0.43,0.8,2.6,0.327,2.1,4.2,0.494,0.492,0.8,0.9,0.941,0.1,1.1,1.2,2.1,0.4,0,0.8,1,7.5
Coby White,PG,21,CHI,20,6,24.8,4.1,9.1,0.453,1.8,4.8,0.379,2.3,4.3,0.535,0.552,1.5,1.9,0.789,0.2,2.4,2.6,2.4,0.4,0.3,1.2,2.2,11.5
Danuel House Jr.,SF,28,TOT,20,1,14.5,1.5,4.4,0.345,0.7,2.2,0.318,0.8,2.2,0.372,0.425,1,1.1,0.905,0.3,2.2,2.5,1.2,0.3,0.3,1,1.1,4.7
Nic Claxton,C,22,BRK,20,14,22.2,4,6.1,0.656,0,0,,4,6.1,0.656,0.656,1.2,2,0.615,1.9,3.6,5.5,1,0.6,1.2,0.8,2.5,9.2
Jared Butler,SG,21,UTA,20,1,5.7,0.9,2.6,0.346,0.5,1.5,0.333,0.4,1.1,0.364,0.442,0.3,0.5,0.667,0.1,0.7,0.8,0.7,0.2,0.3,0.8,1,2.6
Jalen Suggs,PG,20,ORL,21,21,27.8,4.1,12.2,0.339,1.2,4.9,0.255,2.9,7.4,0.394,0.389,2.8,3.6,0.763,0.8,2.6,3.4,3.6,1.1,0.4,3.2,2.8,12.3
Rajon Rondo,PG,35,TOT,21,0,16.9,1.6,4.5,0.347,0.7,2.1,0.318,0.9,2.4,0.373,0.421,0.3,0.4,0.75,0.5,2.4,2.9,3.9,0.7,0.2,2,1.5,4.1
Elfrid Payton,PG,27,PHO,21,0,12.1,1.7,4.1,0.402,0,0.2,0.2,1.6,3.9,0.415,0.408,0.4,0.7,0.533,0.5,1.6,2.1,1.9,0.5,0.1,1.1,1.1,3.8
KZ Okpala,PF,22,MIA,21,0,11.6,1.4,3.3,0.435,0.4,1.2,0.346,1,2,0.488,0.5,0.4,0.5,0.727,0.5,1.4,2,0.7,0.2,0.3,0.2,1.2,3.7
Marcus Morris,PF,32,LAC,21,21,30.3,5.8,13.3,0.437,2,5.3,0.375,3.8,8,0.479,0.513,2.6,3,0.871,0.6,4.4,5,2.1,0.5,0.3,1.3,2.3,16.2
Naji Marshall,SF,24,NOP,21,0,10.2,1,3.1,0.308,0.1,1.3,0.111,0.8,1.8,0.447,0.331,1.2,1.4,0.862,0.7,2,2.6,1,0.4,0.1,1,1,3.2
Théo Maledon,PG,20,OKC,21,0,13.6,1,3.7,0.282,0.4,2.1,0.182,0.7,1.6,0.412,0.333,1.2,1.4,0.867,0.4,1.4,1.8,1,0.5,0.1,0.9,1,3.7
Saben Lee,PG,22,DET,21,0,15.9,2.1,5.2,0.404,0.6,2,0.279,1.5,3.1,0.485,0.459,1.3,1.8,0.757,0.4,2.1,2.5,2.5,1.1,0.4,0.9,1,6.1
Nathan Knight,PF,24,MIN,21,2,8.5,1.1,2.1,0.533,0.1,0.3,0.286,1,1.8,0.579,0.556,1.3,1.9,0.7,1,1.5,2.5,0.7,0.1,0.3,0.6,1.2,3.7
Andre Iguodala,SF,38,GSW,21,0,20.8,1.7,4.2,0.404,0.6,2.5,0.226,1.1,1.7,0.667,0.472,0.4,0.6,0.75,0.7,2.9,3.6,4.2,0.8,0.7,0.8,1,4.4
CJ Elleby,SF,21,POR,21,0,8.9,1.2,2.7,0.456,0.5,1.4,0.345,0.8,1.3,0.571,0.544,0.3,0.4,0.875,0.6,1.4,2,0.4,0.2,0,0.5,1.2,3.3
Justin Champagnie,SF,20,TOR,21,0,7.7,1.1,2.2,0.511,0.2,0.7,0.333,0.9,1.5,0.594,0.564,0.4,0.4,1,1.3,0.7,2,0.2,0.2,0.1,0.1,1,3
Dillon Brooks,SF,26,MEM,21,20,28,6.9,16.2,0.426,1.6,4.8,0.327,5.3,11.4,0.469,0.475,3,3.4,0.889,0.8,2.5,3.3,2.7,1.3,0.2,1.8,3.3,18.4
Goga Bitadze,C,22,IND,21,0,8.1,0.9,2.8,0.322,0.2,1.3,0.143,0.7,1.5,0.484,0.356,0.5,0.9,0.611,1,1.2,2.2,0.1,0.5,0.5,0.4,1.5,2.5
Aaron Wiggins,SG,23,OKC,22,12,20.9,2.7,5.4,0.496,0.8,2.5,0.315,1.9,3,0.646,0.567,1,1.4,0.71,0.7,2.5,3.1,1.1,0.7,0.2,0.8,1.9,7.1
Denzel Valentine,SG,28,CLE,22,0,9.3,1,2.8,0.371,0.8,2,0.409,0.2,0.8,0.278,0.516,0,0,,0.4,1.3,1.7,0.5,0.3,0,0.5,0.8,2.9
Dennis Smith Jr.,PG,24,POR,22,3,17.1,2.1,5.4,0.395,0.3,1.1,0.24,1.9,4.3,0.436,0.42,1,1.5,0.667,0.5,1.8,2.4,3.3,1.2,0.4,1.5,1.1,5.5
Austin Reaves,SG,23,LAL,22,0,20.3,2,4,0.511,0.8,2.3,0.36,1.2,1.7,0.711,0.614,1,1.1,0.875,0.3,2,2.3,1.1,0.3,0.1,0.5,1.7,5.9
Sandro Mamukelashvili,PF,22,MIL,22,2,11.9,1.5,3.4,0.427,0.6,1.6,0.371,0.9,1.8,0.475,0.513,0.4,0.5,0.75,1.2,1.2,2.4,0.5,0.3,0.3,0.4,0.8,3.9
Jock Landale,C,26,SAS,22,0,9.4,2,3.5,0.579,0.6,1.3,0.5,1.4,2.2,0.625,0.671,0.6,0.7,0.875,1.1,0.8,2,0.9,0.1,0.4,0.6,0.9,5.3
Khem Birch,C,29,TOR,22,6,21.8,2.3,4.6,0.5,0,0.4,0,2.3,4.3,0.543,0.5,1.4,1.9,0.738,2.7,2.6,5.4,1.3,0.9,0.5,0.7,1.8,6
Santi Aldama,PF,21,MEM,22,0,10.9,1.5,3.9,0.376,0.2,1.6,0.114,1.3,2.3,0.56,0.4,0.5,0.9,0.579,1,1.7,2.7,0.6,0.1,0.3,0.4,1,3.6
Thaddeus Young,PF,33,SAS,23,0,14,2.8,5,0.57,0,0.1,0,2.8,4.8,0.586,0.57,0.3,0.8,0.444,1.5,2,3.4,2.4,0.9,0.3,1,1.4,6
Brad Wanamaker,PG,32,TOT,23,2,13.9,1.2,3.3,0.364,0.2,0.7,0.235,1,2.6,0.4,0.39,1,1.1,0.92,0.3,1.4,1.7,2.4,0.3,0.3,1,2,3.6
Zeke Nnaji,PF,21,DEN,23,0,14.7,2,4.2,0.464,0.9,1.9,0.477,1,2.3,0.453,0.572,0.9,1.5,0.571,1,2,3,0.3,0.2,0.3,0.3,1.6,5.7
Paul Millsap,PF,36,BRK,23,0,10.9,1.2,3.4,0.354,0.3,1.1,0.231,1,2.3,0.415,0.392,0.5,0.7,0.706,1.1,2.3,3.4,1,0.2,0.3,0.4,2,3.2
Ben McLemore,SG,28,POR,23,2,15.8,2.8,6.5,0.436,2.1,5.1,0.419,0.7,1.4,0.5,0.601,0.6,0.7,0.867,0.3,1,1.3,0.7,0.3,0.1,0.6,1.3,8.3
Serge Ibaka,C,32,LAC,23,7,16,2.5,5.3,0.471,0.7,1.8,0.381,1.8,3.4,0.519,0.537,0.6,0.9,0.667,1,3,4,1.2,0.2,0.6,1.2,1.8,6.3
Willy Hernangómez,C,27,NOP,23,3,14.9,3,5.4,0.56,0.1,0.1,0.667,3,5.3,0.557,0.568,1.6,2.2,0.706,2.4,4.3,6.7,1.2,0.3,0.2,0.9,1.7,7.7
Quentin Grimes,SG,21,NYK,23,2,13.5,1.6,4.2,0.381,1.3,3.5,0.375,0.3,0.7,0.412,0.536,0.2,0.3,0.625,0.2,1.2,1.4,0.9,0.5,0.2,0.6,1.1,4.7
Jimmy Butler,SF,32,MIA,23,23,33.8,7.8,15.7,0.5,0.5,1.9,0.25,7.3,13.7,0.535,0.515,7,8.1,0.871,1.9,4,5.9,5.4,2,0.4,2,1.3,23.2
Leandro Bolmaro,SF,21,MIN,23,2,8,0.4,1.4,0.281,0.1,0.5,0.167,0.3,0.9,0.35,0.313,0.3,0.4,0.889,0.7,0.9,1.5,0.5,0.2,0,0.5,0.9,1.2
Nicolas Batum,PF,33,LAC,23,19,25.5,3,6.2,0.476,1.9,4.9,0.393,1,1.3,0.774,0.629,0.3,0.5,0.5,0.4,4.2,4.6,1.6,1,0.7,0.9,1.3,8.1
Marvin Bagley III,PF,22,SAC,23,10,20.9,3.1,7.5,0.419,0.5,2.2,0.22,2.7,5.3,0.5,0.451,1.3,1.7,0.75,2.4,4.6,7,0.6,0.3,0.3,0.7,1.6,8
OG Anunoby,SF,24,TOR,23,23,36,7,16,0.439,2.7,7.3,0.363,4.4,8.7,0.502,0.522,2.6,3.2,0.808,1.4,3.7,5.1,2.3,1.6,0.4,1.6,2.8,19.3
Ziaire Williams,SF,20,MEM,24,3,19,2.4,5.9,0.404,1,3.5,0.294,1.3,2.3,0.571,0.493,0.3,0.4,0.8,0.3,1.2,1.4,0.8,0.5,0.3,0.6,1.8,6.1
P.J. Washington,PF,23,CHO,24,3,25,3.7,8.1,0.456,2,4.6,0.423,1.8,3.5,0.5,0.577,1.3,1.8,0.698,1.3,4.2,5.5,2.4,0.8,1.1,1.4,2.5,10.6
Kemba Walker,PG,31,NYK,24,24,27.3,4.7,11.4,0.414,2.4,6,0.403,2.3,5.4,0.426,0.52,1.8,2.1,0.84,0.5,3.1,3.5,3.6,0.8,0.2,1.4,1.2,13.6
Daniel Theis,C,29,HOU,24,21,23.4,3.4,7.2,0.468,0.9,3.2,0.289,2.5,4,0.608,0.532,1.1,1.6,0.684,1.3,4,5.3,0.8,0.5,0.7,1.3,2.4,8.8
T.J. McConnell,PG,29,IND,24,6,24.2,3.8,7.5,0.503,0.3,1,0.28,3.5,6.5,0.538,0.522,0.5,0.6,0.8,0.8,2.5,3.3,4.8,1,0.4,1.2,1.8,8.4
CJ McCollum,SG,30,POR,24,24,35.3,8,18.8,0.424,3.2,8.2,0.393,4.8,10.6,0.447,0.509,1.5,2.1,0.7,1.1,3,4.1,4.5,1.1,0.7,1.9,2.1,20.6
Kira Lewis Jr.,PG,20,NOP,24,0,14.2,2.5,6.1,0.404,0.5,2.4,0.224,1.9,3.7,0.523,0.449,0.4,0.5,0.833,0.4,1.3,1.6,2,0.5,0,1.1,0.7,5.9
Isaiah Joe,SG,22,PHI,24,0,12.3,1.3,3.8,0.348,1,2.8,0.338,0.4,1,0.375,0.473,0.6,0.6,0.933,0.1,1.3,1.4,0.8,0.2,0.1,0.3,0.8,4.2
Jerami Grant,PF,27,DET,24,24,33.2,6.6,15.9,0.414,1.8,5.3,0.331,4.8,10.6,0.455,0.469,5.2,6.1,0.849,1,3.9,4.8,2.6,1.1,1.1,2.1,2.3,20.1
Enes Freedom,C,29,BOS,24,1,12.8,1.9,3.5,0.542,0,0.2,0.25,1.8,3.3,0.557,0.548,0.7,0.8,0.8,2.2,3.2,5.4,0.2,0.2,0.5,0.6,1.3,4.5
Terence Davis,SG,24,SAC,24,7,16.6,3.3,8.2,0.401,1.3,4.5,0.294,2,3.7,0.534,0.482,1,1.2,0.821,0.3,2.7,3,1.1,0.7,0.4,1.2,2.3,8.9
Moses Brown,C,22,DAL,24,1,6.8,1.1,2,0.563,0,0,,1.1,2,0.563,0.563,1.1,1.8,0.628,0.6,1.8,2.4,0,0.1,0.3,0.6,1.2,3.4
Kent Bazemore,SF,32,LAL,24,14,17,1.4,4.2,0.327,0.8,2.3,0.333,0.6,2,0.319,0.416,0.4,0.5,0.769,0.3,1.7,2,0.9,0.8,0.3,0.3,2.1,3.9
Pascal Siakam,PF,27,TOR,25,25,35.7,7.9,16.6,0.475,1.1,3.5,0.318,6.8,13.1,0.517,0.508,3.8,5.2,0.731,2,6.3,8.3,4.6,1,0.8,2.5,3.4,20.7
Justin Robinson,PG,24,TOT,25,0,12.2,1.1,3.7,0.301,0.7,2.4,0.295,0.4,1.3,0.313,0.398,0.2,0.3,0.5,0.2,0.7,0.8,1.3,0.4,0,0.7,1.1,3.1
Moses Moody,SG,19,GSW,25,1,7,0.8,2.2,0.357,0.2,1.2,0.129,0.6,1,0.64,0.393,0.3,0.4,0.727,0.2,0.9,1,0.3,0.1,0.2,0.2,0.4,2.1
Garrison Mathews,SG,25,HOU,25,16,28.6,3.5,8.3,0.418,2.6,6.9,0.37,0.9,1.4,0.657,0.572,2.2,2.8,0.797,0.6,3,3.6,0.9,0.7,0.4,0.7,3.1,11.7
Maxi Kleber,PF,30,DAL,25,8,24.7,2.6,6.2,0.422,1.7,4.6,0.374,0.9,1.6,0.564,0.562,0.8,1,0.731,1.2,4.9,6.1,1.1,0.4,0.9,0.7,2.2,7.7
Damian Jones,C,26,SAC,25,4,14.2,2.2,3.6,0.618,0.1,0.4,0.273,2.1,3.1,0.667,0.635,1.3,1.8,0.717,1.5,2.7,4.2,0.8,0.1,0.4,1,2,5.8
Talen Horton-Tucker,SG,21,LAL,25,15,28,4.2,10.2,0.408,0.8,3.3,0.244,3.4,6.9,0.486,0.447,1.8,2.2,0.821,0.8,3.2,4,2.8,1,0.4,1.6,2.8,11
Josh Green,SG,21,DAL,25,0,11.7,1.7,3,0.573,0.2,0.6,0.333,1.5,2.4,0.633,0.607,0.5,0.7,0.765,0.6,1.4,2,1.1,0.5,0.2,0.4,1.4,4.2
Taj Gibson,C,36,NYK,25,3,19,1.4,2.9,0.493,0.2,0.6,0.286,1.3,2.4,0.542,0.521,0.6,0.8,0.762,1.6,2.9,4.6,0.8,0.5,0.9,0.7,2.5,3.7
Rudy Gay,PF,35,UTA,25,0,19.9,3.2,7.4,0.429,1.6,4.2,0.377,1.6,3.1,0.5,0.538,1.3,1.6,0.805,1,3.7,4.6,1.1,0.5,0.3,0.8,1.9,9.2
Luka Doncic,PG,22,DAL,25,25,34.8,9.1,20.8,0.438,2.6,8,0.318,6.6,12.8,0.514,0.5,4,5.6,0.721,0.7,7.6,8.2,9,1.2,0.4,4.6,2.4,24.8
Brandon Boston Jr.,SG,20,LAC,25,0,15.8,2.4,6.6,0.36,0.6,2.3,0.276,1.7,4.2,0.406,0.409,1.4,1.6,0.85,0.3,1.9,2.2,0.8,0.6,0.2,0.7,0.7,6.7
Dylan Windler,SF,25,CLE,26,0,10.4,1,2.2,0.431,0.6,1.5,0.4,0.3,0.7,0.5,0.569,0.1,0.2,0.75,0.5,1.5,2,0.9,0.3,0.1,0.4,1.1,2.7
Derrick Rose,PG,33,NYK,26,4,24.5,4.7,10.5,0.445,1.4,3.5,0.402,3.3,7,0.467,0.513,1.2,1.2,0.968,0.8,2.2,3,4,0.8,0.5,1.5,0.6,12
kristaps Porzingis,PF,26,DAL,26,26,30.4,7.2,16,0.451,1.5,5.5,0.282,5.7,10.5,0.538,0.499,4.7,5.3,0.883,2.2,5.8,8,2.3,0.8,1.7,1.5,2.3,20.6
Kevin Porter Jr.,PG,21,HOU,26,26,29.7,4.2,11.7,0.357,1.8,5.6,0.322,2.4,6.1,0.39,0.434,2,3.3,0.609,0.8,3.5,4.3,5.8,1.3,0.3,3.8,2.5,12.2
Josh Okogie,SG,23,MIN,26,6,13.6,0.9,2.5,0.354,0.3,1.2,0.267,0.6,1.3,0.429,0.415,0.7,1.2,0.613,0.9,1.3,2.2,0.7,0.6,0.3,0.6,1.3,2.8
Doug McDermott,PF,30,SAS,26,26,24.6,4.3,9.3,0.465,2.1,5.2,0.41,2.2,4.2,0.532,0.578,0.6,0.8,0.727,0.4,2.2,2.6,1.3,0.2,0.1,0.7,1.4,11.4
Timothe Luwawu-Cabarrot,SF,26,ATL,26,11,14.6,1.6,4.1,0.387,1,2.8,0.356,0.6,1.3,0.455,0.509,0.6,0.7,0.833,0.3,1.3,1.7,0.8,0.4,0.1,0.4,1.5,4.7
Paul George,SF,31,LAC,26,26,35.5,9,21.4,0.421,2.7,8.3,0.323,6.3,13,0.484,0.484,4,4.5,0.88,0.4,6.7,7.1,5.5,2,0.4,4.2,2.5,24.7
Luka Garza,C,23,DET,26,5,12.3,1.9,4.4,0.43,0.5,1.5,0.308,1.4,2.9,0.493,0.482,1,1.6,0.643,1.8,1.3,3.1,0.6,0.3,0.2,0.6,1.7,5.3
Malachi Flynn,PG,23,TOR,26,1,8.8,1.2,3.3,0.349,0.5,1.7,0.273,0.7,1.6,0.429,0.419,0.2,0.3,0.571,0.2,0.8,1.1,1,0.4,0.1,0.3,0.9,2.9
Alex Caruso,SG,27,CHI,26,9,28,2.8,6.3,0.448,1.1,3,0.364,1.7,3.3,0.523,0.534,1.7,2,0.83,1,2.8,3.7,4,2,0.3,1.5,2.5,8.4
Malcolm Brogdon,PG,29,IND,26,26,34.3,6.7,15,0.446,1.8,5.7,0.311,4.9,9.3,0.529,0.505,3.8,4.5,0.855,0.9,4.4,5.3,6.1,0.9,0.4,2.2,2.1,19
Tony Bradley,C,24,CHI,26,7,12.4,1.8,3,0.59,0,0,,1.8,3,0.59,0.59,0.3,0.4,0.727,1.5,3,4.5,0.5,0.2,0.7,0.7,1.3,3.8
Bogdan Bogdanovic,SG,29,ATL,26,24,28.8,4.5,10.8,0.418,2.2,6.1,0.367,2.3,4.7,0.484,0.521,0.9,1.2,0.742,0.3,3.4,3.7,2.5,0.7,0.2,1,1.8,12.1
Deandre Ayton,C,23,PHO,26,26,30.7,7.3,11.6,0.631,0,0.3,0.143,7.3,11.3,0.643,0.633,2.1,3,0.705,2.8,8.1,10.9,1.5,0.7,0.8,1.7,2.2,16.8
Cody Zeller,C,29,POR,27,0,13.1,1.9,3.3,0.567,0,0.1,0,1.9,3.2,0.593,0.567,1.4,1.8,0.776,1.9,2.8,4.6,0.8,0.3,0.2,0.7,2.1,5.2
Lou Williams,PG,35,ATL,27,0,14.4,2.3,6.4,0.366,0.6,2.1,0.304,1.7,4.3,0.397,0.416,1.2,1.4,0.846,0.3,1.3,1.6,1.5,0.6,0.1,0.9,1,6.5
Killian Tillie,C,23,MEM,27,3,13.1,1.3,3.7,0.343,0.8,2.4,0.328,0.5,1.3,0.371,0.449,0.2,0.3,0.625,0.7,1.1,1.8,0.5,0.7,0.5,0.3,1.6,3.5
Lamar Stevens,PF,24,CLE,27,5,14,1.8,4.1,0.441,0.4,1.3,0.324,1.4,2.9,0.494,0.491,0.4,0.7,0.632,0.7,1.4,2.1,0.6,0.3,0.2,0.5,1.4,4.5
Ish Smith,PG,33,CHO,27,1,14.4,2.1,5.1,0.403,0.3,0.7,0.444,1.8,4.5,0.397,0.432,0.3,0.6,0.563,0.1,1.3,1.4,2.8,0.6,0.3,1.1,1,4.8
Isaac Okoro,SF,21,CLE,27,23,28.4,3.3,7.3,0.454,0.9,2.9,0.321,2.4,4.4,0.542,0.518,1.5,2.1,0.719,1.2,2.4,3.6,1.9,0.8,0.3,1.1,2.5,9
Jaylen Nowell,SG,22,MIN,27,0,13.5,3,6.3,0.473,0.7,2.1,0.345,2.2,4.1,0.541,0.533,0.9,1.2,0.719,0.3,1.6,1.9,2,0.6,0.2,0.5,1,7.5
Shake Milton,PG,25,PHI,27,6,24.7,4,9.4,0.429,0.9,2.9,0.316,3.1,6.5,0.48,0.478,1.5,1.8,0.854,0.5,2.5,3,2.8,0.7,0.4,1.1,2.1,10.5
Chimezie Metu,C,24,SAC,27,16,22.8,3.5,8.5,0.409,1,3.8,0.272,2.4,4.7,0.52,0.47,1,1.3,0.778,0.7,5.6,6.3,1,0.9,0.7,0.9,1.4,9
Kelan Martin,SF,26,IND,27,1,16.4,2.6,6.2,0.417,0.8,2.7,0.297,1.8,3.5,0.511,0.482,0.3,0.5,0.692,0.6,1.4,2,0.8,0.5,0.3,0.5,1.3,6.3
Tre Mann,PG,20,OKC,27,2,17,2.8,7.1,0.396,1,2.9,0.354,1.8,4.2,0.425,0.469,0.6,0.9,0.667,0.4,1.8,2.2,0.7,0.5,0.2,0.7,1.5,7.3
Alex Len,C,28,SAC,27,9,17.8,2.8,5.3,0.528,0.2,0.7,0.316,2.6,4.6,0.561,0.549,1.1,1.7,0.674,1.5,3.5,5,1.1,0.3,0.8,1.2,2.9,6.9
James Johnson,PF,34,BRK,27,2,18,2.1,4.3,0.483,0.3,1,0.259,1.8,3.3,0.551,0.513,0.2,0.6,0.353,0.9,2.7,3.6,1.7,0.4,0.4,0.6,2,4.6
Richaun Holmes,C,28,SAC,27,27,26.1,5.3,7.7,0.692,0.1,0.1,0.5,5.3,7.6,0.696,0.697,1.9,2.3,0.806,2.5,6.2,8.7,1.3,0.3,1,1.4,3.1,12.6
Jalen Green,SG,19,HOU,27,27,30.2,5.1,12.6,0.402,2.1,6.4,0.322,3,6.2,0.485,0.484,3,3.7,0.818,0.3,2.7,3,2.1,0.6,0.2,2.6,1.4,15.2
Anthony Davis,C,28,LAL,27,27,35.4,9.3,17.9,0.521,0.4,2.1,0.179,8.9,15.8,0.566,0.531,4.3,6,0.727,2.7,7.1,9.9,2.9,1.2,2,2.2,2.3,23.3
Troy Brown Jr.,SF,22,CHI,27,1,14.7,1.6,3.9,0.415,0.5,1.7,0.311,1.1,2.3,0.492,0.481,0.4,0.6,0.75,0.5,2.3,2.8,1.3,0.7,0.1,0.3,0.8,4.2
Jaylen Brown,SF,25,BOS,27,27,34.8,8.8,19.2,0.459,2.8,7.6,0.368,6,11.7,0.517,0.531,3.8,4.9,0.767,0.9,5.7,6.6,3,1.1,0.5,3.1,2.7,24.2
Cole Anthony,PG,21,ORL,27,27,34,6.8,16.7,0.406,2.7,7.7,0.348,4.1,9,0.455,0.486,3.6,4.2,0.86,0.5,5.6,6.1,5.7,0.9,0.2,2.7,2.6,19.9
Thanasis Antetokounmpo,SF,29,MIL,27,5,12.1,1.4,3,0.457,0,0.4,0.091,1.3,2.6,0.514,0.463,0.6,0.9,0.625,1.1,1.7,2.9,0.7,0.5,0.2,0.6,2,3.3
Cam Thomas,SG,20,BRK,28,1,16.4,2.8,6.7,0.415,0.6,2.6,0.247,2.1,4.1,0.522,0.463,0.8,1,0.815,0.2,2.2,2.4,1.2,0.5,0.1,0.7,0.6,7
Tony Snell,SG,30,POR,28,7,12.4,0.8,2.1,0.356,0.6,1.6,0.37,0.1,0.5,0.308,0.5,0.1,0.1,1,0.3,1.2,1.4,0.6,0.2,0.1,0.3,1.1,2.2
Eric Paschall,PF,25,UTA,28,1,11.3,1.5,3.3,0.451,0.5,1.8,0.286,1,1.5,0.643,0.527,1,1.4,0.718,0.6,1.2,1.8,0.6,0.1,0.1,0.5,0.9,4.4
Aaron Nesmith,SF,22,BOS,28,1,10.7,1.1,3.3,0.344,0.5,2.3,0.234,0.6,1,0.586,0.425,0.3,0.3,0.778,0.3,1.4,1.7,0.4,0.3,0,0.6,1.4,3.1
Jordan McLaughlin,PG,25,MIN,28,2,11.2,0.8,2.6,0.284,0.1,1,0.143,0.6,1.6,0.37,0.311,0.5,0.8,0.682,0.2,0.9,1.1,2.4,0.6,0,0.7,0.5,2.2
Caris LeVert,SG,27,IND,28,28,30.4,6.8,15.8,0.431,1.6,5.1,0.31,5.2,10.7,0.488,0.481,2.6,3.3,0.796,0.6,2.6,3.3,4,1,0.5,1.8,2.1,17.8
Jeremy Lamb,SF,29,IND,28,0,14.6,2.2,6,0.367,1,3,0.333,1.2,3,0.4,0.45,1.6,1.7,0.917,0.4,2.1,2.5,1.3,0.5,0.4,0.5,1.1,7
Jonathan Kuminga,SF,19,GSW,28,2,9.7,1.8,3.9,0.472,0.3,1.2,0.265,1.5,2.6,0.568,0.514,1,1.6,0.6,0.4,1.3,1.7,0.3,0.4,0.1,0.7,1.3,4.9
DeAndre Jordan,C,33,LAL,28,18,13,2,3,0.675,0,0,,2,3,0.675,0.675,0.4,0.6,0.588,1.6,4,5.6,0.4,0.4,0.9,0.7,1.7,4.4
Maurice Harkless,SF,28,SAC,28,14,18.8,1.6,3.6,0.44,0.6,2.1,0.276,1,1.5,0.667,0.52,0.3,0.5,0.692,0.2,2.1,2.3,0.5,0.4,0.5,0.6,1.6,4
Danny Green,SF,34,PHI,28,21,24.3,2.3,5.6,0.408,1.8,4.8,0.378,0.5,0.8,0.591,0.57,0.3,0.3,1,0.6,2,2.6,1.1,1.4,0.9,0.9,1.8,6.7
Joel Embiid,C,27,PHI,28,28,33,8.6,17.9,0.478,1.3,3.3,0.385,7.3,14.7,0.499,0.513,8.6,10.5,0.814,1.9,8.7,10.6,4.4,1.1,1.4,2.8,2.5,27
Wayne Ellington,SG,34,LAL,28,8,20.7,2.3,5.6,0.408,2,5.1,0.392,0.3,0.5,0.571,0.586,0.1,0.2,0.8,0.3,1.5,1.7,0.8,0.5,0.1,0.5,1,6.7
Gorgui Dieng,C,32,ATL,28,1,9.8,1.3,2.7,0.461,0.6,1.4,0.4,0.7,1.3,0.528,0.566,0.6,0.8,0.762,0.9,2.4,3.3,0.9,0.3,0.4,0.6,1.3,3.6
Patrick Beverley,PG,33,MIN,28,24,26.5,3.3,7.8,0.427,1.3,4,0.324,2,3.8,0.533,0.509,1.3,1.8,0.725,1.2,3.3,4.5,5.1,1.1,0.9,1.3,2.9,9.3
Dāvis Bertāns,PF,29,WAS,28,0,15.8,2,5.5,0.368,1.6,4.6,0.346,0.4,0.9,0.48,0.513,1,1,0.931,0.2,1.8,2,0.5,0.4,0.2,0.5,1.7,6.6
Dean Wade,PF,25,CLE,29,16,19.7,1.9,4.3,0.432,0.9,2.7,0.329,1,1.6,0.609,0.536,0.3,0.4,0.769,0.8,2.6,3.4,1.2,0.5,0.1,0.4,1.6,5
Max Strus,SF,25,MIA,29,5,23.3,4,8.6,0.47,2.6,6.3,0.418,1.4,2.3,0.612,0.622,0.9,1.1,0.758,0.3,3.1,3.5,1.2,0.3,0.1,0.7,1.4,11.6
Austin Rivers,SG,29,DEN,29,9,20.5,2.1,5.5,0.384,1.1,3.6,0.311,1,1.9,0.518,0.484,0.4,0.6,0.611,0.4,1.5,1.9,1.1,0.5,0.1,0.8,1.6,5.7
Josh Richardson,SG,28,BOS,29,0,26.1,3.8,8.2,0.456,1.4,3.5,0.406,2.3,4.8,0.493,0.542,1.7,2,0.845,0.6,2.1,2.7,1.4,0.9,0.5,0.8,2.1,10.6
Cedi Osman,SF,26,CLE,29,0,22.9,4,8.8,0.453,2.3,5.7,0.398,1.7,3.1,0.556,0.582,1.2,1.7,0.694,0.4,2.3,2.7,1.8,1,0.3,0.9,1.8,11.4
Damian Lillard,PG,31,POR,29,29,36.4,7.7,19,0.402,3.2,9.8,0.324,4.5,9.2,0.485,0.486,5.5,6.2,0.878,0.4,3.7,4.1,7.3,0.6,0.4,2.9,1.3,24
Damion Lee,SG,29,GSW,29,2,20.3,3,6.7,0.441,1.2,3.3,0.354,1.8,3.4,0.525,0.528,1.1,1.3,0.865,0.3,2.7,3,1,0.5,0.1,0.6,1.5,8.2
Cory Joseph,PG,30,DET,29,6,22.2,2.6,5.6,0.457,0.9,2.1,0.417,1.7,3.5,0.48,0.534,1.5,1.8,0.846,0.3,1.8,2.1,3.7,0.8,0.2,1.4,1.7,7.5
LeBron James,SF,37,LAL,29,29,36.8,10.8,20.4,0.528,2.9,7.8,0.372,7.9,12.7,0.624,0.599,4.4,5.6,0.785,1.1,6.3,7.4,6.6,1.7,1.1,3.3,2.3,28.9
Bones Hyland,PG,21,DEN,29,0,16.6,2.7,7.7,0.351,1.4,4.7,0.309,1.2,3,0.419,0.446,1,1.1,0.875,0.2,2,2.2,1.6,0.5,0.2,0.9,2,7.8
Jaxson Hayes,C,21,NOP,29,0,13.7,2.4,4.2,0.561,0.1,0.5,0.286,2.2,3.8,0.596,0.577,1.8,2.3,0.773,1.3,2.2,3.5,0.3,0.3,0.6,0.7,1.9,6.7
Isaiah Hartenstein,C,23,LAC,29,0,16.4,3.2,4.9,0.662,0.1,0.1,0.667,3.2,4.8,0.662,0.669,1.1,1.7,0.653,1.8,2.9,4.7,1.9,0.8,1.3,1,2.6,7.7
Javonte Green,SF,28,CHI,29,18,22.2,2.1,4.3,0.496,0.4,1.1,0.364,1.7,3.2,0.543,0.544,1.1,1.4,0.8,1.5,2.7,4.2,1,0.8,0.4,0.6,2.1,5.8
Amir Coffey,SG,24,LAC,29,7,18.4,1.9,4.3,0.448,1,2.7,0.385,0.9,1.6,0.553,0.568,1.3,1.6,0.867,0.3,2.4,2.8,1.3,0.4,0.2,0.3,1.1,6.2
Brandon Clarke,PF,25,MEM,29,0,17.6,4.1,6.3,0.647,0.1,0.5,0.133,4,5.8,0.692,0.652,1.2,1.8,0.654,1.9,3.3,5.2,1.4,0.3,1,0.5,1.7,9.4
LaMarcus Aldridge,C,36,BRK,29,10,22.9,5.7,10.1,0.565,0.4,1.2,0.343,5.3,8.9,0.595,0.586,1.5,1.8,0.846,1.5,4.1,5.6,0.8,0.4,1.1,0.9,1.7,13.3
Precious Achiuwa,C,22,TOR,29,17,24.4,3.3,8.1,0.406,0.3,1.2,0.257,3,6.9,0.432,0.425,1,1.8,0.569,2.3,5.2,7.5,1.4,0.6,0.6,1.1,2.2,7
Matisse Thybulle,SG,24,PHI,30,15,26,2.4,4.9,0.493,0.7,2.5,0.293,1.7,2.4,0.699,0.568,0.3,0.3,0.889,0.5,1.8,2.4,1.1,1.8,1.1,0.8,2.4,5.9
Tristan Thompson,PF,30,SAC,30,3,15.2,2.5,5,0.503,0,0,1,2.5,5,0.5,0.507,1.1,2,0.533,2.4,3,5.4,0.6,0.4,0.4,1,1.7,6.2
Taurean Prince,PF,27,MIN,30,8,14.8,1.6,4.3,0.38,0.9,2.8,0.313,0.8,1.5,0.5,0.481,0.6,0.8,0.739,0.4,1.6,2,0.9,0.4,0.2,0.6,1.5,4.7
Chuma Okeke,PF,23,ORL,30,6,23,2.7,7.6,0.354,1,4.1,0.234,1.7,3.5,0.495,0.417,0.9,1,0.867,0.7,3.7,4.3,1.4,1.3,0.4,0.9,1.4,7.2
Frank Ntilikina,PG,23,DAL,30,5,14.6,1.7,4.7,0.371,0.8,2.4,0.347,0.9,2.3,0.397,0.461,0.6,0.6,1,0.2,1.3,1.5,1.5,0.7,0.1,0.7,1.2,4.9
Ja Morant,PG,22,MEM,30,30,32.4,9.2,18.9,0.489,1.6,4.1,0.379,7.7,14.7,0.52,0.531,4.8,6.3,0.767,1.3,4.4,5.7,6.7,1.3,0.5,3.1,1.3,24.9
Caleb Martin,SF,26,MIA,30,8,22.7,3.4,6.8,0.505,1,2.7,0.37,2.4,4.1,0.593,0.578,1,1.5,0.667,1.1,2.5,3.6,1,0.9,0.6,0.7,1.5,8.9
Derrick Jones Jr.,PF,24,CHI,30,7,17.8,2.4,4.1,0.582,0.5,1.2,0.405,1.9,2.8,0.659,0.643,1.3,1.5,0.848,1.2,2.2,3.5,0.5,0.5,0.8,0.5,2.4,6.5
Killian Hayes,PG,20,DET,30,30,26,2.3,6.7,0.342,0.9,2.9,0.299,1.4,3.8,0.374,0.406,0.8,1,0.862,0.5,2.5,3,3.7,1.2,0.4,1.6,2.5,6.3
Tobias Harris,PF,29,PHI,30,30,34.7,7,15.3,0.455,1.1,3.7,0.295,5.9,11.6,0.507,0.491,3.4,3.9,0.856,1.1,6.4,7.5,3.9,0.5,0.6,1.7,2,18.4
Blake Griffin,PF,32,BRK,30,20,19,2.1,5.9,0.36,0.6,2.8,0.214,1.5,3.1,0.489,0.41,1,1.4,0.721,1.1,3.3,4.5,2,0.5,0.4,0.5,2.1,5.9
Danilo Gallinari,PF,33,ATL,30,1,22.2,3.1,7.6,0.41,1.5,3.9,0.397,1.6,3.7,0.423,0.511,2,2.2,0.938,0.6,3.6,4.2,1.4,0.5,0.2,0.5,1.4,9.8
Trent Forrest,PG,23,UTA,30,2,9.1,0.6,1.2,0.486,0,0.1,0.25,0.6,1.1,0.515,0.5,0.4,0.5,0.786,0.3,1.1,1.4,1.1,0.2,0,0.8,0.5,1.6
Derrick Favors,C,30,OKC,30,12,16,2.3,4.7,0.493,0.1,0.4,0.167,2.3,4.3,0.523,0.5,0.3,0.6,0.556,1.3,3.2,4.6,0.8,0.4,0.2,0.2,1.5,5.1
Bruce Brown,SF,25,BRK,30,17,22.5,3,6.1,0.489,0.3,1,0.333,2.7,5.1,0.519,0.516,0.6,0.8,0.75,1.3,3.2,4.5,1.3,1.2,0.5,0.7,2.7,6.9
Oshae Brissett,SF,23,IND,30,1,18.3,2.4,5.3,0.444,0.9,2.5,0.378,1.4,2.9,0.5,0.531,0.5,0.9,0.571,1.3,2.5,3.8,0.8,0.5,0.3,0.7,1.4,6.2
Omer Yurtseven,C,23,MIA,31,7,14.8,2.4,5,0.468,0,0.2,0.143,2.3,4.8,0.483,0.471,0.8,1.3,0.634,1.8,4.5,6.4,1,0.5,0.5,0.9,1.7,5.6
Justise Winslow,SF,25,LAC,31,1,11.4,1.6,3.6,0.446,0.2,0.8,0.208,1.5,2.8,0.511,0.469,0.3,0.6,0.474,0.6,2.5,3,1.1,0.5,0.4,0.9,1,3.7
Moritz Wagner,C,24,ORL,31,0,11.5,2.1,4.7,0.442,0.9,2.8,0.337,1.2,2,0.59,0.541,1.4,1.7,0.792,0.5,1.8,2.4,0.8,0.2,0.2,0.7,1.9,6.5
Nikola Vučević,C,31,CHI,31,31,33.2,6.7,15.6,0.431,1.7,4.9,0.342,5,10.7,0.471,0.484,0.9,1.4,0.667,2,9.5,11.4,3.4,1.1,1.1,1.5,2.2,16
Xavier Tillman Sr.,PF,23,MEM,31,0,14.5,1.9,4.4,0.434,0.2,1.1,0.182,1.7,3.3,0.515,0.456,0.9,1.4,0.69,1.4,2,3.4,1.2,1.2,0.5,0.7,1.3,4.9
Tomáš Satoranský,SG,30,NOP,31,3,14.9,1,3.3,0.311,0.2,1,0.167,0.9,2.4,0.37,0.335,0.6,0.8,0.76,0.6,1.5,2,2.3,0.5,0,0.7,1,2.8
D'Angelo Russell,PG,25,MIN,31,31,32.9,6.5,16.4,0.398,3,8.5,0.347,3.5,7.8,0.455,0.489,2.6,3.3,0.812,0.4,3.4,3.7,7,0.9,0.5,2.6,2.1,18.6
Nick Richards,C,24,CHO,31,5,9.3,1.6,2.4,0.685,0,0,,1.6,2.4,0.685,0.685,0.8,0.9,0.828,0.9,1.3,2.2,0.4,0.3,0.6,0.6,1.4,4
Payton Pritchard,SG,24,BOS,31,2,13.5,1.8,4.9,0.359,1.1,3.2,0.357,0.6,1.8,0.364,0.474,0.3,0.3,1,0.4,1.5,1.9,1.8,0.2,0.1,0.7,0.9,4.9
Khris Middleton,SF,30,MIL,31,31,31.5,6.4,14.9,0.432,2.3,6.2,0.377,4.1,8.7,0.47,0.51,3.9,4.5,0.884,0.7,4.8,5.5,5.3,1.1,0.2,3.2,2.3,19.1
Romeo Langford,SG,22,BOS,31,5,18.9,1.9,4.6,0.42,0.6,2,0.323,1.3,2.6,0.494,0.49,0.5,0.7,0.652,0.9,2.2,3.1,0.5,0.6,0.4,0.4,1.3,5
Ty Jerome,SG,24,OKC,31,3,14.8,2.6,6.5,0.403,0.9,3.3,0.282,1.7,3.2,0.531,0.475,0.9,1.2,0.806,0.5,1.1,1.5,1.6,0.6,0.1,0.7,1.3,7.1
Josh Jackson,SF,24,DET,31,3,18.7,3,7.1,0.42,0.9,3.1,0.278,2.1,3.9,0.533,0.482,1,1.4,0.705,0.5,2.7,3.3,1.4,0.5,0.4,1.1,1.8,7.8
Dwight Howard,C,36,LAL,31,6,14.7,1.8,3,0.606,0.2,0.3,0.75,1.6,2.8,0.593,0.638,1.2,1.9,0.617,1.7,3.7,5.4,0.6,0.7,0.6,0.8,1.9,5.1
Cade Cunningham,PG,20,DET,31,31,32.4,5.7,14.8,0.386,2.2,6.9,0.322,3.5,7.9,0.441,0.461,1.8,2.1,0.846,0.9,4.8,5.7,5.4,1.3,0.6,3.8,2.9,15.4
Jevon Carter,PG,26,BRK,31,1,11.6,0.9,3.2,0.283,0.7,2.5,0.299,0.2,0.7,0.227,0.399,0.1,0.1,0.75,0.2,1.3,1.5,1,0.4,0.3,0.5,1,2.6
D.J. Augustin,PG,34,HOU,31,2,15,1.6,3.9,0.402,1.1,2.8,0.395,0.5,1.2,0.417,0.541,1,1.1,0.882,0.2,0.9,1.1,2.3,0.3,0,1.3,0.5,5.2
Robert Williams,C,24,BOS,32,32,29.3,4.4,5.9,0.75,0,0,,4.4,5.9,0.75,0.75,1.1,1.7,0.667,3.8,5.1,9,1.7,0.9,2.2,1.2,2,9.9
Gabe Vincent,PG,25,MIA,32,10,21.8,3.1,7.2,0.435,1.6,4.3,0.374,1.5,2.8,0.527,0.548,0.8,1,0.774,0.5,1.6,2.1,2.9,0.8,0.2,1.5,2.2,8.6
Devin Vassell,SF,21,SAS,32,4,25,4.4,9.7,0.453,1.7,4.8,0.351,2.7,4.8,0.555,0.54,0.7,0.9,0.733,0.7,3.2,3.9,1.5,1,0.7,0.8,1.9,11.1
Isaiah Stewart,C,20,DET,32,32,25.6,3.3,6.3,0.527,0.1,0.6,0.105,3.3,5.8,0.571,0.532,1.1,1.6,0.673,2.6,5.6,8.3,1.1,0.4,1.3,1.3,2.8,7.8
Terry Rozier,SG,27,CHO,32,32,32,6.7,15.2,0.437,2.9,7.6,0.387,3.7,7.6,0.488,0.534,1.9,2.3,0.811,0.7,3.2,3.9,3.4,1.2,0.4,1.2,1.4,18.1
Mason Plumlee,C,31,CHO,32,32,24.6,2.8,4.7,0.607,0,0,0,2.8,4.7,0.611,0.607,0.8,2.2,0.38,2.4,4.8,7.1,2.8,0.9,0.9,1.2,2.9,6.5
Tyrese Maxey,PG,21,PHI,32,31,34.5,6.4,13.5,0.473,1.3,3.4,0.38,5.1,10.1,0.505,0.521,2.8,3.2,0.871,0.4,3.1,3.5,4.5,0.7,0.6,1.3,2.2,16.8
Lauri Markkanen,PF,24,CLE,32,32,30.4,4.8,11.7,0.413,1.8,6,0.309,3,5.8,0.522,0.492,1.8,2,0.862,1.1,4.2,5.3,1.7,0.7,0.5,0.8,1.8,13.3
Brandon Ingram,SF,24,NOP,32,32,34.7,8.3,18.6,0.447,1.7,4.8,0.353,6.6,13.8,0.48,0.492,4.6,5.5,0.825,0.8,5.3,6.1,5.1,0.6,0.3,2.8,2,22.9
Kevin Huerter,SG,23,ATL,32,20,28.3,4.5,9.7,0.469,1.8,4.8,0.37,2.8,4.8,0.568,0.561,0.6,0.7,0.783,0.3,3.1,3.4,2.7,0.5,0.3,1.3,2,11.4
Al Horford,C,35,BOS,32,32,29.5,4,9.2,0.431,1.2,4.3,0.285,2.8,4.9,0.557,0.497,1.7,2,0.859,1.6,6.1,7.6,3.8,0.7,1.5,1.2,2.1,10.9
Rodney Hood,SF,29,MIL,32,0,16.1,1.3,3.6,0.357,0.7,2.3,0.315,0.6,1.3,0.429,0.457,0.4,0.4,0.929,0.3,1.6,1.9,0.8,0.3,0.1,0.2,0.8,3.7
Josh Hart,PF,26,NOP,32,31,32.9,4.8,9.2,0.519,1,3,0.337,3.8,6.3,0.605,0.573,2.6,3.4,0.755,1.3,6.1,7.4,4.4,0.9,0.3,2,3,13.2
Spencer Dinwiddie,PG,28,WAS,32,32,30.3,4.5,11.4,0.396,1.7,5.1,0.325,2.9,6.3,0.453,0.469,2.7,3.4,0.796,0.8,4,4.8,5.8,0.6,0.2,1.6,2.4,13.4
Sterling Brown,SG,26,DAL,32,3,15,1.5,3.7,0.407,0.8,2.3,0.351,0.7,1.4,0.5,0.517,0.3,0.3,0.9,0.7,3,3.7,0.9,0.4,0.2,0.6,1.2,4.1
Keita Bates-Diop,SF,26,SAS,32,11,16.8,2.2,4.3,0.522,0.3,0.8,0.296,2,3.4,0.578,0.551,0.8,1.1,0.667,1.1,3.1,4.1,0.6,0.5,0.3,0.8,1,5.4
Scottie Barnes,PF,20,TOR,32,32,35.5,5.9,12.2,0.482,0.8,2.3,0.324,5.1,9.9,0.519,0.513,2.2,3.1,0.714,2.9,5.1,8,3.5,1,0.9,1.9,2.8,14.7
Dalano Banton,SF,22,TOR,32,1,11.9,1.5,3.7,0.41,0.2,0.8,0.269,1.3,2.8,0.451,0.44,0.6,0.8,0.75,0.6,1.5,2.1,1.7,0.4,0.2,1,1.3,3.8
Mo Bamba,C,23,ORL,32,32,28.1,4,9,0.448,1.3,3.8,0.333,2.8,5.2,0.533,0.519,0.7,0.9,0.767,2.3,6.2,8.4,1.5,0.8,2.1,1.3,2.5,10.1
Gary Trent Jr.,SG,23,TOR,33,32,34,6.1,14.5,0.421,2.7,7.3,0.368,3.4,7.1,0.477,0.515,1.5,1.8,0.845,0.4,2.5,2.8,2.1,1.9,0.4,0.9,2.2,16.4
Terrence Ross,SG,30,ORL,33,0,26.3,4.4,10.5,0.416,1.5,4.8,0.306,2.9,5.7,0.508,0.486,2.6,2.9,0.876,0.4,2.4,2.8,2.2,0.6,0.2,1.5,1.4,12.8
Jakob Poeltl,C,26,SAS,33,32,28.5,5.8,9.7,0.594,0,0,,5.8,9.7,0.594,0.594,0.9,2.4,0.363,4.1,4.8,8.9,2.7,0.7,1.4,1.6,3.1,12.4
Jordan Nwora,SF,23,MIL,33,9,21.2,3.5,8.4,0.42,1.7,4.3,0.39,1.8,4.1,0.452,0.52,0.4,0.5,0.824,0.8,3.3,4.1,1.1,0.5,0.4,1.1,1.2,9.1
David Nwaba,SF,29,HOU,33,4,14.2,2,4.3,0.475,0.3,1.1,0.286,1.7,3.2,0.538,0.511,1,1.4,0.702,0.9,3,3.9,0.8,0.7,0.5,0.5,1.2,5.4
Mike Muscala,C,30,OKC,33,0,13.8,2.6,5.8,0.447,1.6,3.8,0.419,1,2,0.5,0.584,1.3,1.5,0.875,0.5,2.6,3.1,0.5,0.4,0.6,0.3,1.3,8
Evan Mobley,PF,20,CLE,33,33,34,6.1,12.1,0.501,0.5,1.5,0.294,5.6,10.5,0.532,0.52,2.3,3.1,0.735,1.7,6.4,8.1,2.6,0.8,1.8,1.8,2.2,14.8
Kevin Love,PF,33,CLE,33,2,21.5,4.4,10.1,0.431,2.6,6.3,0.411,1.8,3.8,0.465,0.558,2.9,3.3,0.881,1.2,6.3,7.4,2.1,0.3,0.2,1.2,1,14.2
Frank Jackson,PG,23,DET,33,5,22.7,3.7,9.2,0.403,1.9,5.6,0.333,1.8,3.6,0.513,0.505,1.3,1.6,0.83,0.3,1.2,1.5,0.9,0.5,0.2,0.8,1.6,10.7
Jrue Holiday,PG,31,MIL,33,32,33.2,7.4,14.9,0.499,1.8,4.8,0.382,5.6,10.1,0.554,0.56,1.7,2.4,0.709,0.9,3.7,4.6,6.7,1.6,0.6,2.8,1.8,18.4
Aaron Holiday,PG,25,WAS,33,10,16.7,2.5,5.4,0.472,0.6,1.6,0.365,2,3.8,0.516,0.525,0.6,0.7,0.792,0.1,1.5,1.6,1.9,0.6,0.2,0.9,1.5,6.2
George Hill,SG,35,MIL,33,12,25.6,2.6,5.8,0.445,0.8,2.8,0.308,1.7,3,0.57,0.518,1.1,1.2,0.947,0.8,2.3,3.2,2.4,0.8,0.2,0.9,1.5,7.1
Hamidou Diallo,SG,23,DET,33,16,21.9,4.4,8.5,0.518,0.4,1.5,0.275,4,7,0.571,0.543,1.3,2.1,0.609,1,3.5,4.5,1.4,1.3,0.4,1.1,2.4,10.5
Dewayne Dedmon,C,32,MIA,33,15,17.2,2.5,4.4,0.575,0.4,0.6,0.6,2.2,3.8,0.571,0.616,1,1.3,0.75,1.8,4.3,6.1,0.9,0.4,0.5,0.9,2.2,6.5
Reggie Bullock,SF,30,DAL,33,13,24.3,2.3,6.2,0.379,1.5,4.6,0.318,0.9,1.6,0.558,0.498,0.4,0.5,0.765,0.2,2.7,2.9,1.1,0.4,0.2,0.5,1.4,6.5
Armoni Brooks,SG,23,HOU,33,8,18.2,2.5,6.7,0.367,1.8,5.6,0.317,0.7,1.1,0.629,0.5,0.5,0.5,0.889,0.3,1.7,2,1.4,0.6,0.2,0.6,1.6,7.2
Avery Bradley,SG,31,LAL,33,28,23.8,2.6,6.1,0.431,1.4,3.5,0.397,1.2,2.6,0.477,0.545,0.2,0.2,1,0.5,2,2.5,0.8,0.9,0.2,0.5,1.8,6.9
Devin Booker,SG,25,PHO,33,33,32.8,8.3,19.1,0.437,2.6,6.4,0.406,5.7,12.6,0.453,0.506,4.1,4.7,0.871,0.8,4.5,5.4,4.4,1,0.3,2.7,2.5,23.4
Lonzo Ball,PG,24,CHI,33,33,35.1,4.7,11.1,0.422,3.2,7.5,0.423,1.5,3.6,0.42,0.564,0.6,0.8,0.76,1,4.5,5.5,5.1,1.9,0.9,2.3,2.4,13.1
Delon Wright,SG,29,ATL,34,4,17.6,1.5,3.4,0.436,0.5,1.2,0.405,1,2.2,0.453,0.509,0.6,0.8,0.846,0.8,2.1,2.9,2.5,0.8,0.2,0.7,0.6,4.1
P.J. Tucker,PF,36,MIA,34,33,28.5,3.1,6.1,0.5,1.4,2.9,0.469,1.7,3.2,0.527,0.611,0.7,1,0.697,1.7,3.9,5.7,2.2,0.7,0.3,1,2.3,8.1
Karl-Anthony Towns,C,26,MIN,34,34,34.5,8.7,16.9,0.516,2.3,5.4,0.422,6.4,11.4,0.56,0.584,4.9,6,0.814,2.9,6.3,9.3,3.7,1.1,1.2,3.5,3.7,24.6
Dennis Schröder,SG,28,BOS,34,19,31.6,5.8,13.4,0.432,1.4,4.2,0.326,4.4,9.1,0.481,0.483,3,3.5,0.856,0.6,2.8,3.4,4.6,0.8,0.1,2.3,2.5,15.9
Ricky Rubio,PG,31,CLE,34,8,28.5,4.4,12.1,0.363,1.7,5.1,0.339,2.6,7,0.38,0.434,2.6,3,0.854,0.4,3.7,4.1,6.6,1.4,0.2,2.6,2.2,13.1
Cam Reddish,SF,22,ATL,34,7,23.4,4.1,10.1,0.402,1.7,4.5,0.379,2.4,5.6,0.421,0.487,2.1,2.4,0.9,0.6,1.9,2.5,1.1,1,0.3,1.3,1.3,11.9
Norman Powell,SF,28,POR,34,34,32.9,6.2,13.6,0.455,2.2,5.5,0.399,4,8.1,0.493,0.536,4,4.9,0.82,0.4,2.5,2.9,2.1,1,0.4,1.5,2.3,18.6
Bobby Portis,C,26,MIL,34,29,28.4,5.9,12.3,0.481,1.9,4.5,0.428,4,7.8,0.511,0.559,1.6,2.1,0.789,2.9,6.4,9.2,1.4,0.8,0.8,1.6,2.7,15.4
Otto Porter Jr.,PF,28,GSW,34,4,21.4,3,6.6,0.46,1.5,3.9,0.391,1.5,2.7,0.56,0.576,0.5,0.7,0.708,1.1,4,5.1,1.5,1,0.5,0.6,1.3,8.1
Jordan Poole,SG,22,GSW,34,29,29.6,6,13.5,0.442,2.5,7.5,0.333,3.5,6,0.578,0.535,2.8,3.1,0.895,0.2,2.9,3.1,3.4,0.9,0.3,2.4,2.8,17.2
Trey Murphy III,SF,21,NOP,34,0,13.4,1.3,3.9,0.336,1,2.9,0.34,0.3,1,0.324,0.462,0.4,0.4,0.867,0.6,1.5,2.1,0.6,0.3,0.1,0.3,1,3.9
De'Anthony Melton,SG,23,MEM,34,13,23.5,3.6,9.2,0.391,1.5,4.8,0.317,2.1,4.4,0.473,0.474,1.1,1.4,0.75,1,3.4,4.4,2.9,1.6,0.6,1.6,1.9,9.8
Jalen McDaniels,SF,24,CHO,34,2,17.9,2.5,5,0.503,0.9,2.2,0.387,1.7,2.8,0.594,0.588,0.9,1.3,0.659,0.8,2.7,3.5,1.2,0.6,0.4,0.8,1.8,6.8
Nikola Jokić,C,26,DEN,34,34,32.8,10.1,17.9,0.563,1.5,4.2,0.354,8.6,13.6,0.627,0.604,4.1,5.3,0.772,2.8,11.4,14.1,7,1.4,0.8,3.6,2.4,25.7
Tyler Herro,SG,22,MIA,34,10,32.8,7.7,18,0.427,2.7,7,0.388,5,11.1,0.452,0.502,2.5,2.9,0.869,0.7,4.3,4.9,3.9,0.6,0.1,2.9,1.4,20.6
Gary Harris,SG,27,ORL,34,24,29.3,4.3,9.5,0.45,1.7,4.6,0.372,2.6,4.9,0.524,0.54,1.4,1.7,0.842,0.8,1.6,2.4,1.9,0.9,0.2,1.3,2.1,11.6
Montrezl Harrell,C,28,WAS,34,3,25.4,5.4,8.4,0.645,0.1,0.3,0.3,5.4,8.1,0.657,0.65,3.4,4.7,0.736,2.2,5.1,7.3,2.2,0.5,0.6,1.1,1.9,14.4
James Harden,PG,32,BRK,34,34,36.9,6.5,15.6,0.417,2.4,7.1,0.331,4.2,8.5,0.49,0.492,7,8.1,0.869,0.9,7.1,8.1,9.7,1.3,0.7,4.8,2.5,22.4
Tim Hardaway Jr.,SG,29,DAL,34,20,30.6,5.1,13.1,0.393,2.5,7.4,0.333,2.7,5.7,0.472,0.488,1.8,2.4,0.741,0.4,3.6,4,2.4,1,0.2,0.7,1.7,14.5
Draymond Green,PF,31,GSW,34,34,29.9,3.2,5.9,0.537,0.4,1.2,0.286,2.8,4.7,0.604,0.567,1.2,2,0.597,1.1,6.4,7.6,7.4,1.4,1.2,3.1,2.8,7.9
Kevin Durant,PF,33,BRK,34,34,37.4,10.8,20.9,0.518,1.9,5.1,0.362,9,15.8,0.568,0.562,6.3,7.1,0.892,0.6,7.1,7.7,5.8,0.7,1,3.1,1.9,29.8
Chris Duarte,SG,24,IND,34,25,28.6,5,11.6,0.434,1.8,5.2,0.352,3.2,6.4,0.5,0.513,1.2,1.7,0.707,0.6,3.4,4,2.1,1,0.1,1.7,1.7,13.1
Andre Drummond,C,28,PHI,34,11,19.2,2.7,5.2,0.528,0,0,0,2.7,5.1,0.531,0.528,1.1,1.9,0.561,3.1,6.1,9.2,2,1.1,1,1.6,2.4,6.6
Ayo Dosunmu,SG,22,CHI,34,2,19.4,2.6,4.9,0.536,0.7,1.7,0.439,1.9,3.2,0.587,0.611,0.6,0.9,0.594,0.4,1.7,2.1,1.2,0.4,0.4,0.9,1.7,6.5
Jae Crowder,PF,31,PHO,34,34,28.3,3.3,8.1,0.404,1.9,5.5,0.344,1.4,2.6,0.528,0.52,1,1.2,0.786,0.4,4.3,4.6,1.4,1.2,0.5,0.9,2.3,9.4
John Collins,PF,24,ATL,34,34,32.6,6.6,12.1,0.541,1.3,3,0.427,5.3,9.1,0.579,0.595,3.1,3.9,0.794,1.9,6,7.9,2,0.7,1.1,1.1,3,17.5
Josh Christopher,SG,20,HOU,34,2,16,2.6,5.7,0.454,0.8,2.2,0.347,1.8,3.5,0.521,0.521,1.2,1.5,0.8,0.6,1.3,2,1.7,0.9,0.1,1.5,1.1,7.1
Bradley Beal,SG,28,WAS,34,34,36,9.1,20,0.455,1.6,5.5,0.298,7.4,14.4,0.515,0.496,4.2,5,0.84,1,3.7,4.7,6.4,0.9,0.4,3.4,2.4,24
Will Barton,SG,31,DEN,34,34,32.8,5.8,13.6,0.422,2.3,6.4,0.361,3.4,7.2,0.478,0.508,1.2,1.5,0.808,0.6,4.3,4.9,4.2,0.9,0.4,1.9,1.4,15.1
RJ Barrett,SF,21,NYK,34,34,31.6,5.8,14.1,0.41,1.9,5.4,0.348,3.9,8.7,0.449,0.477,2.7,3.9,0.692,0.7,4.7,5.4,2.4,0.5,0.3,1.8,2.1,16.2
Giannis Antetokounmpo,PF,27,MIL,34,34,32.5,10,18.4,0.541,1.1,3.9,0.284,8.9,14.5,0.611,0.571,7.4,10.5,0.7,1.9,9.6,11.4,6,1.1,1.4,3.4,3.2,28.4
Jarrett Allen,C,23,CLE,34,34,32.6,6.9,9.9,0.699,0,0.2,0.125,6.9,9.6,0.713,0.701,3,4.3,0.705,3.4,7.5,10.9,1.8,0.9,1.5,1.8,1.8,16.9
Trae Young,PG,23,ATL,35,35,34.7,9.6,21.1,0.455,2.7,7.3,0.37,6.9,13.8,0.501,0.52,6.1,6.7,0.898,0.8,3.3,4,9.6,0.9,0.1,4.1,1.7,28
Fred VanVleet,PG,27,TOR,35,35,37.7,7.6,17.3,0.441,3.8,9.4,0.409,3.8,7.9,0.478,0.551,2.9,3.3,0.879,0.8,4.1,4.9,6.6,1.7,0.5,2.7,2.4,22
Anfernee Simons,SG,22,POR,35,8,26,5.1,11.6,0.443,2.4,6.2,0.392,2.7,5.4,0.503,0.548,1.4,1.5,0.943,0.5,2.1,2.7,2.9,0.4,0.1,1.5,2,14.1
Alperen Şengün,C,19,HOU,35,2,18.4,3.1,6.3,0.5,0.3,1.1,0.308,2.8,5.2,0.541,0.527,2.4,3.4,0.703,1.7,3.1,4.8,2.6,0.9,0.9,1.9,3.1,9
Cameron Payne,PG,27,PHO,35,0,20.3,3.8,9.9,0.388,1.1,3.4,0.319,2.7,6.5,0.425,0.443,1.5,1.7,0.864,0.4,2.4,2.8,3.6,0.6,0.3,1.9,1.9,10.2
Georges Niang,PF,28,PHI,35,5,23.1,3.6,8.2,0.444,2,5,0.398,1.6,3.1,0.518,0.566,0.9,1,0.857,0.3,2.4,2.7,1.3,0.5,0.2,0.7,2.5,10.1
Raul Neto,PG,29,WAS,35,0,20.5,3,6.7,0.441,0.4,1.7,0.241,2.6,5.1,0.506,0.47,1.2,1.6,0.745,0.2,2,2.2,2.7,0.7,0,1.2,1.6,7.5
Dejounte Murray,PG,25,SAS,35,35,34.3,7.7,17.5,0.441,1.4,4.1,0.331,6.3,13.3,0.475,0.48,1.6,2.3,0.722,1.2,7,8.2,8.9,2.1,0.5,2.5,2,18.4
Nassir Little,SF,21,POR,35,16,25.3,3.2,7.2,0.447,1.1,3.5,0.317,2.1,3.7,0.569,0.524,1.5,2.1,0.72,1.4,4.2,5.6,1.2,0.7,0.9,0.9,2.1,9.1
Furkan Korkmaz,SG,24,PHI,35,11,23.1,3.3,8.6,0.387,1.5,4.9,0.302,1.8,3.7,0.5,0.473,1,1.3,0.818,0.3,2.9,3.2,2.3,0.6,0.1,0.9,0.9,9.1
John Konchar,SG,25,MEM,35,2,16.5,1.7,3.2,0.545,0.7,1.5,0.49,1,1.7,0.59,0.656,0.4,0.7,0.565,1.1,2.8,3.9,1.3,0.8,0.2,0.4,1.2,4.6
Luke Kennard,SG,25,LAC,35,10,29,4.1,9.4,0.432,2.8,6.3,0.441,1.3,3.1,0.413,0.579,0.8,0.9,0.879,0.2,3.2,3.4,2.1,0.7,0.1,0.8,1.6,11.7
Tre Jones,PG,22,SAS,35,2,12.6,1.8,3.7,0.485,0.1,0.4,0.154,1.7,3.3,0.521,0.492,0.6,0.6,1,0.4,1.6,2,2.3,0.4,0,0.6,0.9,4.3
Justin Holiday,SF,32,IND,35,26,28.4,3.5,9,0.39,2.4,6.8,0.354,1.1,2.2,0.5,0.524,0.7,0.9,0.839,0.3,2.6,2.9,1.6,0.6,0.3,1,2.1,10.2
JaMychal Green,PF,31,DEN,35,7,14.9,2.1,4.8,0.437,0.5,2.2,0.25,1.5,2.6,0.593,0.494,1,1.2,0.857,0.9,2.8,3.7,0.8,0.7,0.5,0.9,2.2,5.7
Eric Gordon,SG,33,HOU,35,24,29.1,5.1,10.3,0.489,2.3,5.2,0.436,2.8,5.2,0.541,0.598,2,2.7,0.737,0.2,1.5,1.7,3.4,0.6,0.5,2.3,1,14.4
Shai Gilgeous-Alexander,PG,23,OKC,35,35,34.9,7.6,18.3,0.415,1.7,5.9,0.279,5.9,12.3,0.48,0.46,5.4,6.5,0.825,0.6,4,4.6,5.2,0.9,0.7,2.4,2.3,22.2
Josh Giddey,SG,19,OKC,35,35,30.6,4.7,11.6,0.401,1.1,3.8,0.28,3.6,7.8,0.46,0.447,0.9,1.3,0.681,1.5,5.9,7.4,6.4,1.1,0.5,2.9,1.7,11.3
Darius Garland,PG,22,CLE,35,35,34.3,7.3,15.5,0.469,2.6,6.9,0.38,4.7,8.6,0.54,0.553,2.2,2.4,0.905,0.5,2.5,3,7.3,1.3,0.1,3.7,1.7,19.4
Anthony Edwards,SG,20,MIN,35,35,35.5,8.2,18.6,0.442,3.3,8.8,0.371,5,9.8,0.506,0.53,2.7,3.4,0.79,1.1,4.3,5.5,3.7,1.6,0.7,3.2,2.4,22.4
DeMar DeRozan,PF,32,CHI,35,35,34.9,9.5,19.2,0.493,0.7,2,0.352,8.7,17.1,0.51,0.512,6.5,7.7,0.851,0.8,4.4,5.2,4.8,0.8,0.3,2.1,2.3,26.2
Seth Curry,SG,31,PHI,35,35,34.8,6.2,12,0.514,2.2,5.4,0.411,3.9,6.6,0.6,0.607,1.8,2,0.873,0.4,2.9,3.3,3.9,0.8,0.1,1.8,2.3,16.3
DeAndre' Bembry,SF,27,BRK,35,15,19.8,2.5,4.3,0.589,0.3,0.7,0.462,2.2,3.6,0.616,0.629,0.4,0.7,0.577,0.7,2.5,3.2,1.2,1,0.5,0.7,2.1,5.9
Darius Bazley,PF,21,OKC,35,27,26.5,3.3,8.5,0.393,0.9,3.4,0.275,2.4,5.1,0.472,0.448,1.3,2,0.634,1.1,5.2,6.3,1.2,0.7,1.3,1.4,1,8.9
LaMelo Ball,PG,20,CHO,35,35,31.8,7.1,16.7,0.424,2.8,7.3,0.379,4.3,9.3,0.459,0.507,2.5,2.9,0.873,1.6,5.7,7.3,7.6,1.7,0.4,3.1,3.1,19.4
Kyle Anderson,PF,28,MEM,35,7,22.6,3.3,7.4,0.438,0.7,2,0.338,2.6,5.4,0.476,0.485,1.1,1.6,0.673,0.9,4.4,5.3,2.7,1.1,0.6,1.1,1.5,8.3
Kenrich Williams,SF,27,OKC,36,0,20.6,2.8,6,0.465,0.8,2.1,0.382,2,3.9,0.511,0.532,0.6,1.1,0.538,1.4,2.6,4,1.9,1,0.1,0.8,1.7,7
Andrew Wiggins,SF,26,GSW,36,36,31.6,6.9,14.3,0.484,2.2,5.3,0.421,4.7,9,0.522,0.562,2.6,3.7,0.705,1.1,3.3,4.4,1.9,0.9,0.6,1.7,1.8,18.6
Hassan Whiteside,C,32,UTA,36,3,16.4,3.3,5.2,0.626,0,0,,3.3,5.2,0.626,0.626,1.7,2.5,0.685,2.3,4.6,6.8,0.3,0.3,1.3,0.9,2.9,8.2
Lonnie Walker IV,SG,23,SAS,36,5,22.8,4.3,10.8,0.397,1.6,5.2,0.309,2.7,5.6,0.48,0.472,1.5,1.8,0.846,0.2,2.7,2.9,2.4,0.6,0.3,1.1,1.3,11.8
Jarred Vanderbilt,PF,22,MIN,36,29,25.5,2.8,4.9,0.567,0.1,0.3,0.2,2.8,4.7,0.589,0.573,0.9,1.5,0.642,3.2,5.9,9.1,1.4,1.6,0.8,1.1,2.7,6.6
Obi Toppin,PF,23,NYK,36,2,16.3,3.1,5.8,0.529,0.3,1.6,0.203,2.8,4.2,0.656,0.557,1.5,1.9,0.786,1.1,2.8,3.8,1.1,0.3,0.5,0.8,1.5,8
Landry Shamet,SG,24,PHO,36,7,20.5,2.6,6.8,0.381,1.7,4.6,0.365,0.9,2.1,0.416,0.506,0.9,1.1,0.846,0.3,1.9,2.1,1.6,0.5,0.1,0.6,1.1,7.8
Jeremiah Robinson-Earl,C,21,OKC,36,28,22.8,2.7,6.6,0.415,1.2,3.4,0.344,1.6,3.2,0.491,0.504,0.8,1.1,0.692,1.7,3.9,5.6,0.9,0.5,0.3,0.9,1.6,7.4
Aleksej Pokusevski,PF,20,OKC,36,2,15.1,1.9,5.4,0.358,0.6,2.4,0.23,1.4,2.9,0.462,0.409,0.2,0.4,0.5,0.9,3.1,4,1.1,0.5,0.5,1.2,1.2,4.6
Svi Mykhailiuk,SF,24,TOR,36,5,17.4,2.3,5.5,0.414,1,3,0.324,1.3,2.5,0.522,0.503,0.8,0.9,0.844,0.5,1.8,2.4,1.1,0.6,0.1,0.8,1.3,6.3
Monte Morris,PG,26,DEN,36,35,30,5.2,10.8,0.481,1.7,4.4,0.384,3.5,6.4,0.548,0.559,0.6,0.8,0.724,0.3,2.4,2.7,4.2,0.7,0.1,1.3,1.4,12.7
Malik Monk,SG,23,LAL,36,9,26,4.4,9.4,0.472,2.1,5.3,0.396,2.3,4,0.572,0.585,1.1,1.3,0.844,0.4,2.4,2.9,2.2,0.7,0.5,1.3,1.5,12
JaVale McGee,C,34,PHO,36,10,16,4.3,6.5,0.654,0,0.1,0.25,4.2,6.4,0.661,0.656,1.5,2.2,0.675,2.3,4.8,7.1,0.6,0.3,0.8,1.6,2.6,10
Cody Martin,SF,26,CHO,36,5,26.8,3.1,6.5,0.481,1.1,2.3,0.476,2,4.2,0.483,0.564,1.2,1.6,0.724,1.3,2.9,4.1,2.7,1.5,0.5,0.8,1.7,8.5
Kyle Lowry,PG,35,MIA,36,36,34.3,4.6,10.9,0.422,2.1,6.4,0.325,2.5,4.5,0.562,0.518,2.4,2.9,0.845,0.6,3.9,4.5,8.4,1,0.4,3.2,2.7,13.7
Zach LaVine,SF,26,CHI,36,36,34.9,9.3,19,0.489,3.1,7.4,0.41,6.3,11.6,0.54,0.569,4.1,4.7,0.869,0.3,4.7,5,4.2,0.6,0.3,2.8,1.6,25.7
Corey Kispert,SF,22,WAS,36,5,17.3,2,4.8,0.421,0.8,2.7,0.292,1.2,2.1,0.587,0.503,0.8,0.9,0.848,0.5,1.5,2,0.8,0.3,0.3,0.5,0.8,5.6
Keldon Johnson,SF,22,SAS,36,36,30.9,5.6,12.3,0.452,1.6,3.5,0.441,4,8.8,0.457,0.516,2,2.9,0.686,1.1,5.4,6.5,1.7,0.8,0.1,1.4,1.9,14.7
Joe Ingles,SF,34,UTA,36,8,25.2,2.7,6.3,0.427,1.9,4.9,0.376,0.8,1.4,0.612,0.575,0.4,0.5,0.778,0.3,2.6,2.9,3.6,0.6,0.1,1.2,1.9,7.6
Jeff Green,C,35,DEN,36,24,24.7,3.6,7.3,0.496,0.8,2.4,0.318,2.9,4.9,0.585,0.549,2.1,2.6,0.796,0.5,2.5,3.1,1.1,0.3,0.5,1.1,2.3,10.1
Aaron Gordon,PF,26,DEN,36,36,31.9,5.5,10.5,0.528,0.9,3,0.312,4.6,7.4,0.616,0.573,2.3,3.1,0.73,1.7,3.9,5.6,2.1,0.6,0.6,1.7,1.9,14.3
Luguentz Dort,SF,22,OKC,36,36,32.4,5.6,14,0.398,2.4,7.6,0.309,3.2,6.3,0.504,0.482,2.8,3.3,0.842,0.7,3.4,4.1,1.7,0.9,0.4,1.6,2.9,16.3
Torrey Craig,SF,31,IND,36,1,16.7,2.3,4.5,0.497,0.7,2.1,0.32,1.6,2.4,0.648,0.571,0.7,0.8,0.828,1.2,2.3,3.4,1,0.4,0.3,0.7,1.7,5.8
Mike Conley,PG,34,UTA,36,36,28.5,5,10.8,0.463,2.4,5.7,0.424,2.6,5.1,0.505,0.575,1.6,2,0.817,0.6,2.4,3,5.4,1.1,0.3,1.6,1.7,14
Clint Capela,C,27,ATL,36,36,29.7,5.3,9.3,0.569,0,0,0,5.3,9.3,0.571,0.569,1.3,2.7,0.464,4.2,8.9,13.1,1.4,0.8,1.5,0.6,2.5,11.8
Chris Boucher,PF,29,TOR,36,7,18.3,3.1,6.9,0.44,0.6,2.8,0.228,2.4,4.1,0.584,0.486,1.8,2.3,0.75,2,3.5,5.5,0.4,0.6,1,0.7,1.9,8.5
Grayson Allen,SG,26,MIL,36,35,28.4,4.1,9.9,0.414,2.7,7,0.389,1.4,2.9,0.476,0.552,1,1.1,0.854,0.4,2.9,3.4,1.3,0.8,0.4,0.6,1.4,11.9
Derrick White,SG,27,SAS,37,37,30.5,5,11.9,0.423,1.5,5.2,0.294,3.5,6.6,0.524,0.488,2.9,3.3,0.869,0.5,3,3.5,5.5,1.2,0.9,1.6,2.2,14.5
Jayson Tatum,SF,23,BOS,37,37,36.7,8.8,21.2,0.416,2.8,8.4,0.327,6.1,12.8,0.475,0.481,5.1,6.1,0.84,1.1,7.4,8.5,3.7,1,0.8,2.9,2.5,25.5
Mitchell Robinson,C,23,NYK,37,28,24.9,3.2,4.1,0.784,0,0,,3.2,4.1,0.784,0.784,1.2,2.2,0.556,3.4,4.6,8.1,0.5,0.5,1.6,0.8,2.6,7.7
Duncan Robinson,SG,27,MIA,37,35,28.2,4.1,10.5,0.39,3.1,8.7,0.359,1,1.8,0.537,0.538,0.6,0.8,0.8,0.4,3,3.4,1.5,0.7,0.2,0.7,2.7,12
Immanuel Quickley,PG,22,NYK,37,2,22.9,3.5,9,0.395,1.8,5.2,0.351,1.7,3.7,0.457,0.497,1.8,1.9,0.93,0.4,2,2.3,2.7,0.6,0.1,1.2,2.1,10.7
Jusuf Nurkić,C,27,POR,37,37,26.5,5.2,9.5,0.541,0.2,0.9,0.229,4.9,8.6,0.575,0.552,3,4.2,0.716,2.4,7.8,10.2,2.6,1.1,0.5,2.2,3.3,13.5
Larry Nance Jr.,PF,29,POR,37,11,23.2,2.8,5.4,0.515,0.5,1.7,0.306,2.2,3.7,0.61,0.563,0.9,1.3,0.653,1.6,4.1,5.6,2,1,0.4,0.7,1.8,6.9
Donovan Mitchell,SG,25,UTA,37,37,33.4,9.4,20.8,0.454,3.3,9.4,0.347,6.2,11.3,0.544,0.533,3.8,4.3,0.881,0.9,2.9,3.8,5.2,1.6,0.2,3,2.5,25.9
Davion Mitchell,PG,23,SAC,37,1,24.8,3.7,9.5,0.389,1.1,3.7,0.304,2.5,5.7,0.443,0.449,0.6,0.9,0.647,0.5,1.7,2.2,3.2,0.6,0.2,1,1.8,9.1
Trey Lyles,PF,26,DET,37,3,18.7,3.1,7.1,0.435,0.9,2.9,0.294,2.2,4.1,0.536,0.496,2,2.5,0.815,1.3,3.4,4.7,1.2,0.4,0.4,1,1.7,9.1
R.J. Hampton,SG,20,ORL,37,1,19.6,2.6,6.7,0.39,1,2.6,0.378,1.6,4.1,0.397,0.464,1.2,2,0.603,0.4,2.5,2.9,2.5,0.6,0.2,1.4,1.5,7.4
Rudy Gobert,C,29,UTA,37,37,32.1,5.5,7.7,0.706,0,0,0,5.5,7.7,0.709,0.706,4.6,6.7,0.683,3.5,11.5,15.1,1.1,0.8,2.3,1.8,2.7,15.5
Drew Eubanks,C,24,SAS,37,8,12.7,1.8,3.4,0.516,0,0.2,0.167,1.7,3.2,0.533,0.52,1.4,1.8,0.758,1.1,2.8,4,1.1,0.3,0.7,1.1,1.4,4.9
Stephen Curry,PG,33,GSW,37,37,34.9,8.6,20.6,0.42,5,13.1,0.384,3.6,7.5,0.484,0.543,4.5,4.9,0.918,0.6,4.8,5.5,6.1,1.4,0.5,3.4,2.1,26.8
Robert Covington,PF,31,POR,37,29,28.2,2.7,6.6,0.407,1.7,4.7,0.354,1,1.8,0.544,0.535,0.4,0.4,1,0.7,4.5,5.2,1.2,1.4,1.3,1.1,2.5,7.4
Wendell Carter Jr.,C,22,ORL,37,37,29.4,4.9,10.1,0.489,1.2,3.8,0.331,3.7,6.4,0.583,0.551,2,2.7,0.723,2.2,8.1,10.3,2.7,0.7,0.6,1.6,2.8,13.1
Ivica Zubac,C,24,LAC,38,38,24.5,3.5,5.3,0.66,0,0,,3.5,5.3,0.66,0.66,2.3,3.1,0.741,2.7,5.4,8.1,1.1,0.5,1.1,1.3,2.4,9.3
Jonas Valančiūnas,C,29,NOP,38,38,31.6,7,13.5,0.52,1,2.3,0.427,6,11.2,0.54,0.558,3.4,4.2,0.823,3.5,8.6,12.1,2.4,0.6,0.9,2.4,3.1,18.5
Juan Toscano-Anderson,SF,28,GSW,38,4,16.3,1.9,3.7,0.504,0.3,1.2,0.239,1.6,2.5,0.632,0.543,0.7,1.1,0.61,0.6,2.4,2.9,2.1,0.8,0.3,1.2,1.6,4.7
Marcus Smart,PG,27,BOS,38,38,34.1,4,10.2,0.393,1.4,4.8,0.304,2.6,5.5,0.471,0.464,2.1,2.6,0.798,0.6,3.3,4,5.3,1.9,0.3,2,2.5,11.6
Naz Reid,C,22,MIN,38,5,16.7,3.3,7.1,0.465,0.8,2.5,0.333,2.4,4.6,0.538,0.524,1.5,2.1,0.722,1.5,2.5,4,0.7,0.5,0.9,1,2.3,8.9
Royce O'Neale,SF,28,UTA,38,38,31.3,2.7,5.5,0.49,1.4,3.6,0.4,1.3,1.9,0.658,0.62,0.6,0.8,0.71,0.9,4.1,4.9,2.5,1.3,0.5,1,2.5,7.4
Jaden McDaniels,PF,21,MIN,38,17,26.5,3.3,7.7,0.423,1,3.4,0.282,2.3,4.3,0.537,0.486,0.7,0.9,0.818,1.4,3.2,4.6,1.1,0.8,0.6,1.1,3.4,8.2
Herbert Jones,C,23,NOP,38,29,28.7,3.3,7,0.479,0.6,1.6,0.373,2.8,5.4,0.51,0.521,1.4,1.7,0.818,1.2,2.4,3.7,1.8,1.4,1,1.1,3,8.7
Reggie Jackson,SG,31,LAC,38,38,31.8,6.3,16.2,0.386,2.6,7.7,0.332,3.7,8.6,0.434,0.464,1.6,1.9,0.845,0.5,2.9,3.4,3.9,0.8,0.1,2.2,2,16.7
Devonte' Graham,PG,26,NOP,38,38,31.3,4.6,12.4,0.372,3,8.4,0.355,1.6,3.9,0.407,0.493,1.7,2.1,0.815,0.4,2.1,2.5,4.5,1,0.2,1.6,1.5,13.9
Daniel Gafford,C,23,WAS,38,38,22.9,4.2,6,0.693,0,0,,4.2,6,0.693,0.693,1.4,1.9,0.732,2.4,4.4,6.8,1.1,0.4,1.8,1,2.5,9.7
Bryn Forbes,SG,28,SAS,38,1,16.5,3.1,7.2,0.425,1.4,3.6,0.393,1.7,3.6,0.457,0.522,1.1,1.2,0.894,0.1,1.5,1.6,1,0.4,0.1,0.9,1,8.6
Facundo Campazzo,PG,30,DEN,38,4,22.1,2.1,5.6,0.379,1.2,3.5,0.328,0.9,2,0.468,0.483,1.2,1.4,0.815,0.4,1.8,2.2,4,1.1,0.5,1.2,2.2,6.5
Kentavious Caldwell-Pope,SG,28,WAS,38,38,29.7,4.2,9.9,0.42,2.1,5.5,0.389,2,4.4,0.458,0.528,1.2,1.3,0.882,0.5,3.1,3.6,1.7,1.2,0.4,1.3,1.8,11.6
Harrison Barnes,PF,29,SAC,38,38,33.3,5,11.1,0.447,2.1,4.9,0.422,2.9,6.2,0.466,0.54,4.1,4.9,0.824,1.2,4.9,6.1,2.3,0.7,0.2,1.7,1.2,16.1
Nickeil Alexander-Walker,SG,23,NOP,38,18,27.1,4.9,13.3,0.371,2.1,6.6,0.316,2.9,6.8,0.424,0.449,1.2,1.7,0.708,0.8,2.7,3.5,2.6,0.9,0.3,1.7,1.8,13.2
Christian Wood,C,26,HOU,39,38,30.8,6.3,13.2,0.477,1.6,4.7,0.341,4.7,8.6,0.551,0.537,2.9,4.7,0.612,1.8,8.2,10,2.1,0.7,0.9,1.7,2.3,17.1
Garrett Temple,SG,35,NOP,39,12,19.7,2.2,5.4,0.403,1.3,3.5,0.358,0.9,1.9,0.486,0.519,0.6,0.8,0.733,0.6,2.3,2.9,1.3,0.8,0.4,0.9,1.6,6.2
Julius Randle,PF,27,NYK,39,39,35.5,6.9,16.6,0.416,1.7,5.6,0.312,5.2,11,0.469,0.468,3.5,4.6,0.764,1.8,8.4,10.2,4.8,0.8,0.6,3.5,2.8,19
Gary Payton II,PG,29,GSW,39,8,17,3.3,5.1,0.65,0.7,1.8,0.42,2.6,3.4,0.771,0.723,0.6,1,0.59,1.1,2.6,3.7,0.8,1.4,0.2,0.5,1.7,8
Patty Mills,PG,33,BRK,39,23,31,4.6,10.8,0.428,3.1,7.6,0.412,1.5,3.2,0.464,0.572,0.7,0.7,0.897,0.3,1.8,2.1,2.6,0.6,0.3,1.1,1.4,13
Kenyon Martin Jr.,SF,21,HOU,39,0,18.9,3.3,6.2,0.527,0.6,1.8,0.329,2.7,4.4,0.608,0.575,1.1,1.7,0.652,1,2.7,3.7,1.3,0.4,0.5,0.7,1.2,8.2
Kyle Kuzma,PF,26,WAS,39,39,33.3,5.9,13.1,0.452,1.8,5.7,0.323,4.1,7.3,0.552,0.523,2,2.9,0.681,1,7.6,8.6,2.8,0.6,0.7,2,2,15.6
Cameron Johnson,PF,25,PHO,39,6,25.6,4.1,8.9,0.458,2.5,5.8,0.438,1.6,3.2,0.496,0.6,1.2,1.5,0.825,0.6,3.6,4.3,1.3,0.8,0.3,0.7,1.6,11.9
De'Aaron Fox,PG,24,SAC,39,39,34.2,7.7,17.1,0.45,0.9,3.7,0.247,6.8,13.4,0.507,0.477,4.4,5.8,0.75,0.5,3.2,3.7,5.1,1.3,0.4,2.8,2.9,20.7
Evan Fournier,SG,29,NYK,39,39,28.8,4.9,11.9,0.414,2.7,7,0.386,2.2,4.9,0.453,0.527,1.1,1.5,0.741,0.5,2.4,2.8,1.8,0.9,0.2,1.3,1.9,13.6
Dorian Finney-Smith,PF,28,DAL,39,39,32.1,3.9,8.5,0.455,2,5.2,0.388,1.9,3.4,0.557,0.572,0.8,1.2,0.66,1.6,3.2,4.7,2,1.2,0.6,0.9,2.3,10.5
Jalen Brunson,PG,25,DAL,39,21,30.7,6.4,12.8,0.499,1.1,3.1,0.336,5.4,9.7,0.551,0.54,2.2,2.8,0.771,0.6,3.1,3.7,5.6,0.8,0.1,1.7,1.8,16
Miles Bridges,PF,23,CHO,39,39,35.9,7.4,15.5,0.476,1.9,5.9,0.317,5.5,9.6,0.574,0.536,2.9,3.9,0.755,1.3,5.9,7.3,3.6,1.2,0.8,1.8,2.5,19.5
Myles Turner,C,25,IND,40,40,29.6,4.8,9.3,0.514,1.5,4.4,0.349,3.2,4.9,0.662,0.596,1.9,2.5,0.752,1.5,5.7,7.2,1.1,0.6,2.9,1.4,2.8,12.9
Jae'Sean Tate,SF,26,HOU,40,39,27.3,4.9,9.9,0.491,0.8,2.7,0.299,4.1,7.2,0.563,0.532,1.9,2.7,0.697,1.7,4,5.7,3,0.9,0.6,1.8,3.6,12.4
Domantas Sabonis,C,25,IND,40,39,34.9,7.1,12.3,0.578,0.8,2.4,0.323,6.3,9.9,0.64,0.609,4.2,5.6,0.746,3.2,8.8,12,4.6,1,0.4,3.1,3.1,19.1
Dwight Powell,C,30,DAL,40,37,20.3,2.7,4.4,0.605,0.3,0.7,0.414,2.4,3.7,0.642,0.638,1.5,2.1,0.72,2,2.6,4.6,1.1,0.5,0.4,0.7,2.4,7.1
Chris Paul,PG,36,PHO,40,40,32.3,5.3,11.1,0.474,1,3,0.328,4.3,8.1,0.528,0.518,2.5,3,0.835,0.4,4,4.3,10.1,2,0.3,2.3,2.2,14
Kelly Oubre Jr.,SF,26,CHO,40,10,28.2,6.1,13.3,0.458,2.9,7.8,0.373,3.2,5.5,0.58,0.568,1.6,2.3,0.674,1,3,3.9,1.2,1.1,0.4,1.1,2.5,16.6
Kevon Looney,C,25,GSW,40,40,20,2.5,4.7,0.537,0,0,0,2.5,4.7,0.54,0.537,0.9,1.5,0.617,2.4,4.2,6.7,1.6,0.6,0.8,0.8,2.7,6
Gordon Hayward,SF,31,CHO,40,40,33.2,6.1,13.2,0.461,1.8,4.6,0.378,4.3,8.6,0.506,0.528,3.1,3.6,0.859,0.8,4,4.8,3.7,0.9,0.5,1.7,1.7,17
Pat Connaughton,SG,29,MIL,40,15,28.1,3.9,8.3,0.471,2.4,6,0.395,1.6,2.3,0.667,0.613,0.7,0.8,0.788,0.7,3.9,4.6,1.4,1,0.3,0.7,1.3,10.8
Jordan Clarkson,SG,29,UTA,40,0,25.8,5.6,13.9,0.399,2.6,8.1,0.318,3,5.8,0.513,0.492,1.5,1.8,0.795,0.7,2.7,3.5,2.3,0.7,0.2,1.6,1.8,15.1
Alec Burks,SG,30,NYK,40,16,27.6,3.7,9.3,0.392,1.9,4.7,0.407,1.7,4.6,0.377,0.496,2.6,3.2,0.817,0.5,3.7,4.2,2.4,1.3,0.3,0.9,2.3,11.8
Mikal Bridges,SF,25,PHO,40,40,34.2,5,9.6,0.517,1.5,3.7,0.396,3.5,5.9,0.594,0.594,1,1.2,0.851,1,3,3.9,1.8,1.3,0.5,0.8,2,12.4
Bojan Bogdanović,PF,32,UTA,40,40,30.5,6.2,12.8,0.483,2.6,6.4,0.41,3.6,6.4,0.557,0.586,3.2,3.7,0.864,0.8,3.4,4.2,1.6,0.5,0,1.7,1.7,18.2
Nemanja Bjelica,C,33,GSW,40,0,15,2.4,5.3,0.455,1,2.6,0.379,1.4,2.7,0.528,0.547,0.8,1.2,0.667,0.8,3,3.9,1.5,0.6,0.3,1.1,1.5,6.6
Saddiq Bey,SF,22,DET,40,40,33.8,5.3,13.8,0.38,2.3,7.1,0.329,2.9,6.8,0.433,0.464,2.4,2.9,0.825,1.5,4.8,6.3,2.5,0.9,0.2,1.5,1.7,15.2
Steven Adams,C,28,MEM,40,40,25.7,2.6,5,0.53,0,0,,2.6,5,0.53,0.53,1.7,2.9,0.6,4.3,5.1,9.4,3,0.8,0.6,1.6,1.7,7
Russell Westbrook,PG,33,LAL,41,41,35.4,7.2,16.2,0.444,1,3.4,0.298,6.2,12.8,0.483,0.475,3.5,5.4,0.653,1.4,6.7,8.1,8.2,1.1,0.3,4.5,3.1,19
Franz Wagner,SF,20,ORL,41,41,32.1,5.9,13,0.452,1.3,3.6,0.363,4.6,9.4,0.486,0.502,2.6,3.1,0.844,1.2,3.5,4.7,2.6,1,0.5,1.6,2.2,15.7
Terance Mann,SF,25,LAC,41,14,29.6,4,8.4,0.484,1.1,2.9,0.376,3,5.5,0.54,0.548,1.4,1.9,0.74,1.5,3.8,5.3,2.4,0.5,0.1,1.1,2.2,10.6
Tyrese Haliburton,SG,21,SAC,41,41,34,5.2,11.1,0.468,2.1,4.7,0.438,3.1,6.4,0.49,0.561,1.3,1.7,0.809,0.8,3.1,3.9,6.9,1.7,0.7,2.2,1.4,13.9
Malik Beasley,SG,25,MIN,41,9,27.2,4.5,12,0.374,3,8.7,0.346,1.5,3.3,0.448,0.5,0.5,0.7,0.741,0.4,2.8,3.2,1.6,0.6,0.1,0.8,1.2,12.5
Deni Avdija,SF,21,WAS,41,5,23,2.6,6.1,0.43,0.9,2.8,0.302,1.8,3.3,0.541,0.5,1.1,1.5,0.721,0.7,4.2,4.9,1.5,0.8,0.7,0.9,2.3,7.2
Carmelo Anthony,PF,37,LAL,41,3,27,4.5,10.5,0.427,2.3,6,0.389,2.1,4.5,0.478,0.538,1.9,2.3,0.802,0.8,3.3,4.1,1,0.8,0.8,0.8,2.3,13.2
Tyus Jones,PG,25,MEM,42,13,21.4,3.3,6.9,0.478,1,2.5,0.402,2.3,4.3,0.522,0.552,0.8,0.9,0.917,0.3,2.5,2.8,4.2,0.9,0,0.8,0.5,8.4
Jaren Jackson Jr.,PF,22,MEM,42,42,27.4,5.5,13.5,0.409,1.8,5.7,0.313,3.7,7.7,0.48,0.475,3.5,4.2,0.84,1.3,4.3,5.6,1.1,1,2,1.7,3.4,16.3
Eric Bledsoe,PG,32,LAC,42,29,26.6,3.8,9,0.426,1,3,0.313,2.9,5.9,0.484,0.479,1.7,2.1,0.778,0.5,3,3.5,4.2,1.4,0.4,2.2,1.6,10.2
Desmond Bane,SF,23,MEM,42,42,29.9,6.7,14.3,0.467,3,7,0.427,3.7,7.3,0.507,0.572,1.2,1.4,0.877,0.5,4,4.5,2.4,1,0.5,1.5,2.5,17.5
Buddy Hield,SG,29,SAC,43,6,29.2,5.1,13.2,0.39,3.6,9.4,0.38,1.6,3.7,0.416,0.527,1.6,1.8,0.87,0.7,3.2,3.8,2,0.9,0.3,1.6,2,15.4
"Player
▼",Pos,Age,Tm,G,GS,MP,FG,FGA,FG%,3P,3PA,3P%,2P,2PA,2P%,eFG%,FT,FTA,FT%,ORB,DRB,TRB,AST,STL,BLK,TOV,PF,PTS